STATE,STATENAME,ST_CASE,PEDS,PERNOTMVIT,VE_TOTAL,VE_FORMS,PVH_INVL,PERSONS,PERMVIT,COUNTY,COUNTYNAME,CITY,CITYNAME,MONTH,MONTHNAME,DAY,DAYNAME,DAY_WEEK,DAY_WEEKNAME,YEAR,HOUR,HOURNAME,MINUTE,MINUTENAME,TWAY_ID,TWAY_ID2,ROUTE,ROUTENAME,RUR_URB,RUR_URBNAME,FUNC_SYS,FUNC_SYSNAME,RD_OWNER,RD_OWNERNAME,NHS,NHSNAME,SP_JUR,SP_JURNAME,MILEPT,MILEPTNAME,LATITUDE,LATITUDENAME,LONGITUD,LONGITUDNAME,HARM_EV,HARM_EVNAME,MAN_COLL,MAN_COLLNAME,RELJCT1,RELJCT1NAME,RELJCT2,RELJCT2NAME,TYP_INT,TYP_INTNAME,REL_ROAD,REL_ROADNAME,WRK_ZONE,WRK_ZONENAME,LGT_COND,LGT_CONDNAME,WEATHER,WEATHERNAME,SCH_BUS,SCH_BUSNAME,RAIL,RAILNAME,NOT_HOUR,NOT_HOURNAME,NOT_MIN,NOT_MINNAME,ARR_HOUR,ARR_HOURNAME,ARR_MIN,ARR_MINNAME,HOSP_HR,HOSP_HRNAME,HOSP_MN,HOSP_MNNAME,FATALS
29,Missouri,290310,0,0,1,1,0,1,1,93,IRON (93),0,NOT APPLICABLE,5,May,29,29,1,Sunday,2022,15,3:00pm-3:59pm,10,10,SR-N,NA,3,State Highway,1,Rural,5,Major Collector,1,State Highway Agency,0,This section IS NOT on the NHS,0,No Special Jurisdiction,10,10,37.64233333,37.64233333,-90.68530556,-90.68530556,1,Rollover/Overturn,0,The First Harmful Event was Not a Collision with a Motor Vehicle in Transport,0,No,1,Non-Junction,1,Not an Intersection,4,On Roadside,0,None,1,Daylight,1,Clear,0,No,0000000,Not Applicable,15,3:00pm-3:59pm,11,11,15,3:00pm-3:59pm,17,17,15,3:00pm-3:59pm,27,27,1
29,Missouri,290311,0,0,1,1,0,1,1,99,JEFFERSON (99),0,NOT APPLICABLE,5,May,11,11,4,Wednesday,2022,3,3:00am-3:59am,0,0,US-61,NA,2,US Highway,1,Rural,5,Major Collector,1,State Highway Agency,0,This section IS NOT on the NHS,0,No Special Jurisdiction,270,270,38.13345278,38.13345278,-90.31131944,-90.31131944,38,Fence,0,The First Harmful Event was Not a Collision with a Motor Vehicle in Transport,0,No,1,Non-Junction,1,Not an Intersection,5,Outside Trafficway,0,None,2,Dark - Not Lighted,1,Clear,0,No,0000000,Not Applicable,6,6:00am-6:59am,52,52,7,7:00am-7:59am,2,2,88,Not Applicable (Not Transported),88,Not Applicable (Not Transported),1
29,Missouri,290312,0,0,1,1,0,1,1,99,JEFFERSON (99),0,NOT APPLICABLE,5,May,13,13,6,Friday,2022,1,1:00am-1:59am,20,20,CR-MEYER RD,NA,4,County Road,1,Rural,5,Major Collector,2,County Highway Agency,0,This section IS NOT on the NHS,0,No Special Jurisdiction,10,10,38.19832222,38.19832222,-90.47136667,-90.47136667,42,Tree (Standing Only),0,The First Harmful Event was Not a Collision with a Motor Vehicle in Transport,0,No,1,Non-Junction,1,Not an Intersection,4,On Roadside,0,None,2,Dark - Not Lighted,10,Cloudy,0,No,0000000,Not Applicable,1,1:00am-1:59am,16,16,1,1:00am-1:59am,26,26,88,Not Applicable (Not Transported),88,Not Applicable (Not Transported),1
29,Missouri,290313,0,0,1,1,0,1,1,186,STE GENEVIEVE (186),0,NOT APPLICABLE,5,May,29,29,1,Sunday,2022,12,12:00pm-12:59pm,5,5,SR-O,NA,3,State Highway,1,Rural,5,Major Collector,1,State Highway Agency,0,This section IS NOT on the NHS,0,No Special Jurisdiction,60,60,37.91045556,37.91045556,-90.21538611,-90.21538611,1,Rollover/Overturn,0,The First Harmful Event was Not a Collision with a Motor Vehicle in Transport,0,No,1,Non-Junction,1,Not an Intersection,4,On Roadside,0,None,1,Daylight,1,Clear,0,No,0000000,Not Applicable,12,12:00pm-12:59pm,4,4,12,12:00pm-12:59pm,12,12,88,Not Applicable (Not Transported),88,Not Applicable (Not Transported),1
29,Missouri,290314,0,0,1,1,0,1,1,187,ST FRANCOIS (187),0,NOT APPLICABLE,5,May,29,29,1,Sunday,2022,3,3:00am-3:59am,5,5,SR-O,NA,3,State Highway,1,Rural,5,Major Collector,1,State Highway Agency,0,This section IS NOT on the NHS,0,No Special Jurisdiction,30,30,37.84930556,37.84930556,-90.45352778,-90.45352778,7,Other Non-Collision,0,The First Harmful Event was Not a Collision with a Motor Vehicle in Transport,0,No,1,Non-Junction,1,Not an Intersection,1,On Roadway,0,None,2,Dark - Not Lighted,1,Clear,0,No,0000000,Not Applicable,3,3:00am-3:59am,6,6,3,3:00am-3:59am,16,16,88,Not Applicable (Not Transported),88,Not Applicable (Not Transported),1
29,Missouri,290315,0,0,4,4,0,6,6,510,ST. LOUIS (CITY) (510),7080,ST. LOUIS,5,May,30,30,2,Monday,2022,2,2:00am-2:59am,41,41,KINGSHIGHWAY BLVD,ARSENAL ST,6,Local Street - Municipality,2,Urban,3,Principal Arterial - Other,4,City or Municipal Highway Agency,1,This section IS ON the NHS,0,No Special Jurisdiction,70,70,38.605025,38.605025,-90.26921389,-90.26921389,12,Motor Vehicle In-Transport,1,Front-to-Rear,0,No,3,Intersection-Related,98,Not Reported,1,On Roadway,0,None,3,Dark - Lighted,1,Clear,0,No,0000000,Not Applicable,2,2:00am-2:59am,47,47,2,2:00am-2:59am,53,53,3,3:00am-3:59am,14,14,1
29,Missouri,290316,0,0,1,1,0,1,1,167,POLK (167),0,NOT APPLICABLE,5,May,30,30,2,Monday,2022,5,5:00am-5:59am,48,48,SR-32,NA,3,State Highway,1,Rural,4,Minor Arterial,1,State Highway Agency,0,This section IS NOT on the NHS,0,No Special Jurisdiction,80,80,37.61336111,37.61336111,-93.47619444,-93.47619444,35,Embankment,0,The First Harmful Event was Not a Collision with a Motor Vehicle in Transport,0,No,1,Non-Junction,1,Not an Intersection,4,On Roadside,0,None,2,Dark - Not Lighted,1,Clear,0,No,0000000,Not Applicable,5,5:00am-5:59am,47,47,5,5:00am-5:59am,55,55,6,6:00am-6:59am,24,24,1
29,Missouri,290317,0,0,1,1,0,1,1,97,JASPER (97),0,NOT APPLICABLE,6,June,1,1,4,Wednesday,2022,6,6:00am-6:59am,56,56,SR-NN,NA,3,State Highway,1,Rural,5,Major Collector,1,State Highway Agency,0,This section IS NOT on the NHS,0,No Special Jurisdiction,10,10,37.29091667,37.29091667,-94.08775,-94.08775,34,Ditch,0,The First Harmful Event was Not a Collision with a Motor Vehicle in Transport,0,No,1,Non-Junction,1,Not an Intersection,4,On Roadside,0,None,2,Dark - Not Lighted,2,Rain,0,No,0000000,Not Applicable,99,Unknown,98,Unknown if Notified,99,Unknown EMS Scene Arrival Hour,98,Unknown if Arrived,88,Not Applicable (Not Transported),88,Not Applicable (Not Transported),1
29,Missouri,290318,0,0,2,2,0,3,3,187,ST FRANCOIS (187),2670,FARMINGTON,6,June,3,3,6,Friday,2022,13,1:00pm-1:59pm,32,32,W KARSCH BLVD,NA,6,Local Street - Municipality,2,Urban,3,Principal Arterial - Other,1,State Highway Agency,1,This section IS ON the NHS,0,No Special Jurisdiction,160,160,37.78944444,37.78944444,-90.43033333,-90.43033333,12,Motor Vehicle In-Transport,1,Front-to-Rear,0,No,1,Non-Junction,1,Not an Intersection,1,On Roadway,0,None,1,Daylight,1,Clear,0,No,0000000,Not Applicable,99,Unknown,98,Unknown if Notified,99,Unknown EMS Scene Arrival Hour,98,Unknown if Arrived,88,Not Applicable (Not Transported),88,Not Applicable (Not Transported),1
29,Missouri,290319,0,0,1,1,0,1,1,131,MILLER (131),0,NOT APPLICABLE,6,June,4,4,7,Saturday,2022,10,10:00am-10:59am,30,30,SR-W,NA,3,State Highway,1,Rural,5,Major Collector,1,State Highway Agency,0,This section IS NOT on the NHS,0,No Special Jurisdiction,20,20,38.26513889,38.26513889,-92.68088889,-92.68088889,58,Ground,0,The First Harmful Event was Not a Collision with a Motor Vehicle in Transport,0,No,1,Non-Junction,1,Not an Intersection,4,On Roadside,0,None,1,Daylight,1,Clear,0,No,0000000,Not Applicable,10,10:00am-10:59am,30,30,10,10:00am-10:59am,36,36,88,Not Applicable (Not Transported),88,Not Applicable (Not Transported),1
29,Missouri,290321,0,0,1,1,0,1,1,219,WARREN (219),0,NOT APPLICABLE,6,June,6,6,2,Monday,2022,99,Unknown Hours,99,Unknown Minutes,SR-47,NA,3,State Highway,1,Rural,4,Minor Arterial,1,State Highway Agency,0,This section IS NOT on the NHS,0,No Special Jurisdiction,30,30,38.88419444,38.88419444,-91.13236111,-91.13236111,42,Tree (Standing Only),0,The First Harmful Event was Not a Collision with a Motor Vehicle in Transport,0,No,1,Non-Junction,1,Not an Intersection,4,On Roadside,0,None,9,Reported as Unknown,99,Reported as Unknown,0,No,0000000,Not Applicable,99,Unknown,98,Unknown if Notified,99,Unknown EMS Scene Arrival Hour,98,Unknown if Arrived,88,Not Applicable (Not Transported),88,Not Applicable (Not Transported),1
29,Missouri,290322,0,0,1,1,0,1,1,59,DALLAS (59),0,NOT APPLICABLE,6,June,9,9,5,Thursday,2022,16,4:00pm-4:59pm,25,25,SR-OO,NA,3,State Highway,1,Rural,5,Major Collector,1,State Highway Agency,0,This section IS NOT on the NHS,0,No Special Jurisdiction,50,50,37.692025,37.692025,-92.85685278,-92.85685278,1,Rollover/Overturn,0,The First Harmful Event was Not a Collision with a Motor Vehicle in Transport,0,No,1,Non-Junction,1,Not an Intersection,4,On Roadside,0,None,1,Daylight,10,Cloudy,0,No,0000000,Not Applicable,16,4:00pm-4:59pm,19,19,16,4:00pm-4:59pm,29,29,88,Not Applicable (Not Transported),88,Not Applicable (Not Transported),1
29,Missouri,290323,1,1,1,1,0,1,1,131,MILLER (131),4327,LAKE OZARK,6,June,5,5,1,Sunday,2022,20,8:00pm-8:59pm,57,57,US-54 RAMP,NA,2,US Highway,1,Rural,2,Principal Arterial - Other Freeways and Expressways,1,State Highway Agency,1,This section IS ON the NHS,0,No Special Jurisdiction,0,None,38.18768611,38.18768611,-92.60792778,-92.60792778,8,Pedestrian,0,The First Harmful Event was Not a Collision with a Motor Vehicle in Transport,1,Yes,20,Entrance/Exit Ramp,1,Not an Intersection,1,On Roadway,0,None,2,Dark - Not Lighted,1,Clear,0,No,0000000,Not Applicable,99,Unknown,98,Unknown if Notified,99,Unknown EMS Scene Arrival Hour,98,Unknown if Arrived,88,Not Applicable (Not Transported),88,Not Applicable (Not Transported),1
29,Missouri,290324,0,0,1,1,0,1,1,141,MORGAN (141),0,NOT APPLICABLE,6,June,6,6,2,Monday,2022,18,6:00pm-6:59pm,24,24,SR-Y,NA,3,State Highway,1,Rural,5,Major Collector,1,State Highway Agency,0,This section IS NOT on the NHS,0,No Special Jurisdiction,150,150,38.28713889,38.28713889,-92.70247222,-92.70247222,35,Embankment,0,The First Harmful Event was Not a Collision with a Motor Vehicle in Transport,0,No,1,Non-Junction,1,Not an Intersection,4,On Roadside,0,None,1,Daylight,10,Cloudy,0,No,0000000,Not Applicable,99,Unknown,98,Unknown if Notified,99,Unknown EMS Scene Arrival Hour,98,Unknown if Arrived,88,Not Applicable (Not Transported),88,Not Applicable (Not Transported),1
29,Missouri,290325,0,0,2,2,0,2,2,71,FRANKLIN (71),0,NOT APPLICABLE,6,June,6,6,2,Monday,2022,16,4:00pm-4:59pm,42,42,I-44,NA,1,Interstate,1,Rural,1,Interstate,1,State Highway Agency,1,This section IS ON the NHS,0,No Special Jurisdiction,190,190,38.38594444,38.38594444,-90.95111111,-90.95111111,12,Motor Vehicle In-Transport,1,Front-to-Rear,0,No,1,Non-Junction,1,Not an Intersection,1,On Roadway,0,None,1,Daylight,10,Cloudy,0,No,0000000,Not Applicable,99,Unknown,98,Unknown if Notified,99,Unknown EMS Scene Arrival Hour,98,Unknown if Arrived,88,Not Applicable (Not Transported),88,Not Applicable (Not Transported),1
29,Missouri,290326,0,0,1,1,0,2,2,71,FRANKLIN (71),7020,ST. CLAIR,6,June,8,8,4,Wednesday,2022,7,7:00am-7:59am,45,45,I-44,NA,1,Interstate,1,Rural,1,Interstate,1,State Highway Agency,1,This section IS ON the NHS,0,No Special Jurisdiction,110,110,38.31252778,38.31252778,-91.05661111,-91.05661111,42,Tree (Standing Only),0,The First Harmful Event was Not a Collision with a Motor Vehicle in Transport,0,No,1,Non-Junction,1,Not an Intersection,4,On Roadside,0,None,1,Daylight,1,Clear,0,No,0000000,Not Applicable,7,7:00am-7:59am,14,14,7,7:00am-7:59am,37,37,9,9:00am-9:59am,3,3,1
29,Missouri,290327,1,1,1,1,0,2,2,95,JACKSON (95),4120,KANSAS CITY,6,June,12,12,1,Sunday,2022,21,9:00pm-9:59pm,48,48,BLUE RIDGE BLVD,NA,6,Local Street - Municipality,2,Urban,4,Minor Arterial,4,City or Municipal Highway Agency,0,This section IS NOT on the NHS,0,No Special Jurisdiction,80,80,38.90968056,38.90968056,-94.52165278,-94.52165278,8,Pedestrian,0,The First Harmful Event was Not a Collision with a Motor Vehicle in Transport,0,No,1,Non-Junction,1,Not an Intersection,1,On Roadway,0,None,3,Dark - Lighted,1,Clear,0,No,0000000,Not Applicable,99,Unknown,98,Unknown if Notified,99,Unknown EMS Scene Arrival Hour,98,Unknown if Arrived,88,Not Applicable (Not Transported),88,Not Applicable (Not Transported),1
29,Missouri,290328,0,0,2,2,0,2,2,109,LAWRENCE (109),0,NOT APPLICABLE,5,May,10,10,3,Tuesday,2022,16,4:00pm-4:59pm,35,35,SR-T,SR-14,3,State Highway,1,Rural,5,Major Collector,1,State Highway Agency,0,This section IS NOT on the NHS,0,No Special Jurisdiction,50,50,37.06033333,37.06033333,-93.62758333,-93.62758333,12,Motor Vehicle In-Transport,7,Sideswipe - Same Direction,0,No,3,Intersection-Related,98,Not Reported,1,On Roadway,0,None,1,Daylight,1,Clear,0,No,0000000,Not Applicable,99,Unknown,99,Unknown,99,Unknown EMS Scene Arrival Hour,99,Unknown EMS Scene Arrival Minutes,88,Not Applicable (Not Transported),88,Not Applicable (Not Transported),1
29,Missouri,290329,0,0,2,2,0,3,3,135,MONITEAU (135),0,NOT APPLICABLE,5,May,16,16,2,Monday,2022,19,7:00pm-7:59pm,18,18,US-50,NA,2,US Highway,2,Urban,3,Principal Arterial - Other,1,State Highway Agency,1,This section IS ON the NHS,0,No Special Jurisdiction,110,110,38.63928889,38.63928889,-92.64932778,-92.64932778,12,Motor Vehicle In-Transport,6,Angle,0,No,1,Non-Junction,1,Not an Intersection,1,On Roadway,0,None,1,Daylight,1,Clear,0,No,0000000,Not Applicable,20,8:00pm-8:59pm,18,18,20,8:00pm-8:59pm,23,23,21,9:00pm-9:59pm,5,5,2
29,Missouri,290330,0,0,2,2,0,3,3,71,FRANKLIN (71),0,NOT APPLICABLE,5,May,28,28,7,Saturday,2022,23,11:00pm-11:59pm,26,26,CR-ST MARYS RD,NA,4,County Road,1,Rural,6,Minor Collector,2,County Highway Agency,0,This section IS NOT on the NHS,0,No Special Jurisdiction,10,10,38.45363056,38.45363056,-90.86124167,-90.86124167,12,Motor Vehicle In-Transport,2,Front-to-Front,0,No,1,Non-Junction,1,Not an Intersection,1,On Roadway,0,None,2,Dark - Not Lighted,1,Clear,0,No,0000000,Not Applicable,23,11:00pm-11:59pm,27,27,23,11:00pm-11:59pm,39,39,0,0:00am-0:59am,15,15,1
29,Missouri,290331,0,0,2,2,0,3,3,189,ST LOUIS (189),4060,JENNINGS,6,June,1,1,4,Wednesday,2022,15,3:00pm-3:59pm,23,23,SR-367,JENNINGS STATION RD,3,State Highway,2,Urban,3,Principal Arterial - Other,1,State Highway Agency,1,This section IS ON the NHS,0,No Special Jurisdiction,60,60,38.72886111,38.72886111,-90.23994444,-90.23994444,12,Motor Vehicle In-Transport,6,Angle,0,No,2,Intersection,2,Four-Way Intersection,1,On Roadway,0,None,1,Daylight,10,Cloudy,0,No,0000000,Not Applicable,15,3:00pm-3:59pm,25,25,15,3:00pm-3:59pm,28,28,15,3:00pm-3:59pm,47,47,1
29,Missouri,290332,0,0,2,2,0,2,2,510,ST. LOUIS (CITY) (510),7080,ST. LOUIS,6,June,8,8,4,Wednesday,2022,0,0:00am-0:59am,34,34,I-70,NA,1,Interstate,2,Urban,1,Interstate,1,State Highway Agency,1,This section IS ON the NHS,0,No Special Jurisdiction,20,20,38.68450556,38.68450556,-90.24253611,-90.24253611,12,Motor Vehicle In-Transport,1,Front-to-Rear,0,No,1,Non-Junction,1,Not an Intersection,1,On Roadway,0,None,3,Dark - Lighted,10,Cloudy,0,No,0000000,Not Applicable,0,0:00am-0:59am,43,43,0,0:00am-0:59am,53,53,1,1:00am-1:59am,59,59,1
29,Missouri,290333,0,0,2,2,0,2,2,95,JACKSON (95),4120,KANSAS CITY,6,June,8,8,4,Wednesday,2022,0,0:00am-0:59am,40,40,W 75TH ST,WARD PKWY,6,Local Street - Municipality,2,Urban,4,Minor Arterial,4,City or Municipal Highway Agency,0,This section IS NOT on the NHS,0,No Special Jurisdiction,0,None,38.99283333,38.99283333,-94.60383333,-94.60383333,12,Motor Vehicle In-Transport,6,Angle,0,No,2,Intersection,2,Four-Way Intersection,1,On Roadway,0,None,3,Dark - Lighted,1,Clear,0,No,0000000,Not Applicable,0,0:00am-0:59am,41,41,0,0:00am-0:59am,46,46,88,Not Applicable (Not Transported),88,Not Applicable (Not Transported),1
29,Missouri,290334,0,0,1,1,0,1,1,223,WAYNE (223),0,NOT APPLICABLE,6,June,10,10,6,Friday,2022,22,10:00pm-10:59pm,30,30,SR-D,NA,3,State Highway,1,Rural,5,Major Collector,1,State Highway Agency,0,This section IS NOT on the NHS,0,No Special Jurisdiction,130,130,37.01695556,37.01695556,-90.28083333,-90.28083333,58,Ground,0,The First Harmful Event was Not a Collision with a Motor Vehicle in Transport,0,No,1,Non-Junction,1,Not an Intersection,4,On Roadside,0,None,2,Dark - Not Lighted,10,Cloudy,0,No,0000000,Not Applicable,22,10:00pm-10:59pm,52,52,23,11:00pm-11:59pm,34,34,1,1:00am-1:59am,11,11,1
29,Missouri,290335,1,1,1,1,0,1,1,173,RALLS (173),0,NOT APPLICABLE,6,June,10,10,6,Friday,2022,2,2:00am-2:59am,0,0,US-61,NA,2,US Highway,1,Rural,2,Principal Arterial - Other Freeways and Expressways,1,State Highway Agency,1,This section IS ON the NHS,0,No Special Jurisdiction,100,100,39.64491667,39.64491667,-91.41927778,-91.41927778,8,Pedestrian,0,The First Harmful Event was Not a Collision with a Motor Vehicle in Transport,0,No,1,Non-Junction,1,Not an Intersection,1,On Roadway,0,None,2,Dark - Not Lighted,10,Cloudy,0,No,0000000,Not Applicable,2,2:00am-2:59am,3,3,2,2:00am-2:59am,13,13,2,2:00am-2:59am,29,29,1
29,Missouri,290336,0,0,1,1,0,4,4,161,PHELPS (161),0,NOT APPLICABLE,6,June,12,12,1,Sunday,2022,22,10:00pm-10:59pm,1,1,CR-2250,NA,4,County Road,1,Rural,7,Local,2,County Highway Agency,0,This section IS NOT on the NHS,0,No Special Jurisdiction,10,10,37.99947222,37.99947222,-91.67855556,-91.67855556,5,Fell/Jumped from Vehicle,0,The First Harmful Event was Not a Collision with a Motor Vehicle in Transport,0,No,1,Non-Junction,1,Not an Intersection,1,On Roadway,0,None,2,Dark - Not Lighted,1,Clear,0,No,0000000,Not Applicable,22,10:00pm-10:59pm,14,14,22,10:00pm-10:59pm,21,21,22,10:00pm-10:59pm,43,43,1
29,Missouri,290338,0,0,2,2,0,2,2,201,SCOTT (201),7310,SIKESTON,6,June,17,17,6,Friday,2022,7,7:00am-7:59am,16,16,US-61,NA,2,US Highway,2,Urban,4,Minor Arterial,1,State Highway Agency,0,This section IS NOT on the NHS,0,No Special Jurisdiction,290,290,36.88200833,36.88200833,-89.58046111,-89.58046111,12,Motor Vehicle In-Transport,6,Angle,0,No,8,Driveway Access Related,1,Not an Intersection,1,On Roadway,0,None,1,Daylight,10,Cloudy,0,No,0000000,Not Applicable,7,7:00am-7:59am,20,20,7,7:00am-7:59am,23,23,7,7:00am-7:59am,38,38,1
29,Missouri,290339,0,0,3,1,2,1,1,95,JACKSON (95),4120,KANSAS CITY,6,June,17,17,6,Friday,2022,15,3:00pm-3:59pm,41,41,TRUMAN RD,NA,6,Local Street - Municipality,2,Urban,4,Minor Arterial,4,City or Municipal Highway Agency,0,This section IS NOT on the NHS,0,No Special Jurisdiction,40,40,39.09370278,39.09370278,-94.50383889,-94.50383889,14,Parked Motor Vehicle,0,The First Harmful Event was Not a Collision with a Motor Vehicle in Transport,0,No,1,Non-Junction,1,Not an Intersection,7,In Parking Lane/Zone,0,None,1,Daylight,1,Clear,0,No,0000000,Not Applicable,15,3:00pm-3:59pm,41,41,15,3:00pm-3:59pm,42,42,16,4:00pm-4:59pm,2,2,1
29,Missouri,290340,0,0,4,4,0,4,4,95,JACKSON (95),4120,KANSAS CITY,4,April,5,5,3,Tuesday,2022,17,5:00pm-5:59pm,45,45,BLUE RIDGE BLVD,E 43RD ST,6,Local Street - Municipality,2,Urban,4,Minor Arterial,4,City or Municipal Highway Agency,0,This section IS NOT on the NHS,0,No Special Jurisdiction,60,60,39.04375,39.04375,-94.43846389,-94.43846389,12,Motor Vehicle In-Transport,2,Front-to-Front,0,No,2,Intersection,2,Four-Way Intersection,1,On Roadway,0,None,1,Daylight,2,Rain,0,No,0000000,Not Applicable,18,6:00pm-6:59pm,0,0,18,6:00pm-6:59pm,1,1,18,6:00pm-6:59pm,34,34,1
29,Missouri,290341,1,1,2,2,0,1,1,99,JEFFERSON (99),0,NOT APPLICABLE,5,May,20,20,6,Friday,2022,19,7:00pm-7:59pm,16,16,I-55 OUTER RD,NA,7,Local Street - Frontage Road,2,Urban,5,Major Collector,1,State Highway Agency,0,This section IS NOT on the NHS,0,No Special Jurisdiction,10,10,38.40441667,38.40441667,-90.38591667,-90.38591667,8,Pedestrian,0,The First Harmful Event was Not a Collision with a Motor Vehicle in Transport,0,No,1,Non-Junction,1,Not an Intersection,1,On Roadway,0,None,1,Daylight,10,Cloudy,0,No,0000000,Not Applicable,19,7:00pm-7:59pm,18,18,19,7:00pm-7:59pm,23,23,19,7:00pm-7:59pm,50,50,1
29,Missouri,290342,0,0,2,2,0,3,3,55,CRAWFORD (55),0,NOT APPLICABLE,6,June,1,1,4,Wednesday,2022,5,5:00am-5:59am,10,10,SR-DD,NA,3,State Highway,1,Rural,5,Major Collector,1,State Highway Agency,0,This section IS NOT on the NHS,0,No Special Jurisdiction,50,50,38.06461111,38.06461111,-91.42705556,-91.42705556,12,Motor Vehicle In-Transport,2,Front-to-Front,0,No,1,Non-Junction,1,Not an Intersection,1,On Roadway,0,None,2,Dark - Not Lighted,2,Rain,0,No,0000000,Not Applicable,99,Unknown,99,Unknown,99,Unknown EMS Scene Arrival Hour,99,Unknown EMS Scene Arrival Minutes,99,Unknown,99,Unknown EMS Hospital Arrival Time,1
29,Missouri,290343,0,0,2,2,0,2,2,143,NEW MADRID (143),0,NOT APPLICABLE,6,June,4,4,7,Saturday,2022,1,1:00am-1:59am,0,0,I-55,NA,1,Interstate,1,Rural,1,Interstate,1,State Highway Agency,1,This section IS ON the NHS,0,No Special Jurisdiction,270,270,36.76791667,36.76791667,-89.53711111,-89.53711111,12,Motor Vehicle In-Transport,6,Angle,0,No,1,Non-Junction,1,Not an Intersection,1,On Roadway,0,None,2,Dark - Not Lighted,1,Clear,0,No,0000000,Not Applicable,99,Unknown,98,Unknown if Notified,99,Unknown EMS Scene Arrival Hour,98,Unknown if Arrived,88,Not Applicable (Not Transported),88,Not Applicable (Not Transported),1
29,Missouri,290344,0,0,2,2,0,8,8,189,ST LOUIS (189),4060,JENNINGS,6,June,4,4,7,Saturday,2022,18,6:00pm-6:59pm,59,59,SR-367,ST CYR RD,3,State Highway,2,Urban,3,Principal Arterial - Other,2,County Highway Agency,1,This section IS ON the NHS,0,No Special Jurisdiction,60,60,38.73521111,38.73521111,-90.24127222,-90.24127222,12,Motor Vehicle In-Transport,6,Angle,0,No,2,Intersection,2,Four-Way Intersection,1,On Roadway,0,None,1,Daylight,1,Clear,0,No,0000000,Not Applicable,99,Unknown,99,Unknown,99,Unknown EMS Scene Arrival Hour,99,Unknown EMS Scene Arrival Minutes,99,Unknown,99,Unknown EMS Hospital Arrival Time,1
29,Missouri,290345,1,1,1,1,0,2,2,145,NEWTON (145),4100,JOPLIN,6,June,5,5,1,Sunday,2022,2,2:00am-2:59am,29,29,I-44,NA,1,Interstate,2,Urban,1,Interstate,1,State Highway Agency,1,This section IS ON the NHS,0,No Special Jurisdiction,40,40,37.01289444,37.01289444,-94.54165,-94.54165,8,Pedestrian,0,The First Harmful Event was Not a Collision with a Motor Vehicle in Transport,0,No,1,Non-Junction,1,Not an Intersection,1,On Roadway,0,None,2,Dark - Not Lighted,1,Clear,0,No,0000000,Not Applicable,99,Unknown,98,Unknown if Notified,99,Unknown EMS Scene Arrival Hour,98,Unknown if Arrived,88,Not Applicable (Not Transported),88,Not Applicable (Not Transported),1
29,Missouri,290346,0,0,3,3,0,3,3,155,PEMISCOT (155),0,NOT APPLICABLE,6,June,7,7,3,Tuesday,2022,8,8:00am-8:59am,23,23,US-412,NA,2,US Highway,1,Rural,2,Principal Arterial - Other Freeways and Expressways,1,State Highway Agency,1,This section IS ON the NHS,0,No Special Jurisdiction,0,None,36.23502778,36.23502778,-89.95830556,-89.95830556,12,Motor Vehicle In-Transport,2,Front-to-Front,0,No,1,Non-Junction,1,Not an Intersection,1,On Roadway,0,None,1,Daylight,1,Clear,0,No,0000000,Not Applicable,8,8:00am-8:59am,25,25,8,8:00am-8:59am,35,35,9,9:00am-9:59am,21,21,1
29,Missouri,290347,0,0,1,1,0,1,1,51,COLE (51),4040,JEFFERSON CITY,5,May,7,7,7,Saturday,2022,13,1:00pm-1:59pm,50,50,FROG HOLLOW RD,NA,6,Local Street - Municipality,2,Urban,98,Not Reported,4,City or Municipal Highway Agency,0,This section IS NOT on the NHS,0,No Special Jurisdiction,10,10,38.56549722,38.56549722,-92.22353333,-92.22353333,1,Rollover/Overturn,0,The First Harmful Event was Not a Collision with a Motor Vehicle in Transport,0,No,1,Non-Junction,1,Not an Intersection,1,On Roadway,0,None,1,Daylight,1,Clear,0,No,0000000,Not Applicable,13,1:00pm-1:59pm,55,55,14,2:00pm-2:59pm,1,1,88,Not Applicable (Not Transported),88,Not Applicable (Not Transported),1
29,Missouri,290348,0,0,1,1,0,4,4,83,HENRY (83),0,NOT APPLICABLE,5,May,25,25,4,Wednesday,2022,13,1:00pm-1:59pm,15,15,SR-13,NA,3,State Highway,1,Rural,2,Principal Arterial - Other Freeways and Expressways,1,State Highway Agency,1,This section IS ON the NHS,0,No Special Jurisdiction,30,30,38.24916944,38.24916944,-93.76154444,-93.76154444,32,Culvert,0,The First Harmful Event was Not a Collision with a Motor Vehicle in Transport,1,Yes,19,Other location within Interchange Area,1,Not an Intersection,3,On Median,0,None,1,Daylight,2,Rain,0,No,0000000,Not Applicable,13,1:00pm-1:59pm,23,23,13,1:00pm-1:59pm,42,42,15,3:00pm-3:59pm,8,8,1