STATE,STATENAME,ST_CASE,PEDS,PERNOTMVIT,VE_TOTAL,VE_FORMS,PVH_INVL,PERSONS,PERMVIT,COUNTY,COUNTYNAME,CITY,CITYNAME,MONTH,MONTHNAME,DAY,DAYNAME,DAY_WEEK,DAY_WEEKNAME,YEAR,HOUR,HOURNAME,MINUTE,MINUTENAME,TWAY_ID,TWAY_ID2,ROUTE,ROUTENAME,RUR_URB,RUR_URBNAME,FUNC_SYS,FUNC_SYSNAME,RD_OWNER,RD_OWNERNAME,NHS,NHSNAME,SP_JUR,SP_JURNAME,MILEPT,MILEPTNAME,LATITUDE,LATITUDENAME,LONGITUD,LONGITUDNAME,HARM_EV,HARM_EVNAME,MAN_COLL,MAN_COLLNAME,RELJCT1,RELJCT1NAME,RELJCT2,RELJCT2NAME,TYP_INT,TYP_INTNAME,REL_ROAD,REL_ROADNAME,WRK_ZONE,WRK_ZONENAME,LGT_COND,LGT_CONDNAME,WEATHER,WEATHERNAME,SCH_BUS,SCH_BUSNAME,RAIL,RAILNAME,NOT_HOUR,NOT_HOURNAME,NOT_MIN,NOT_MINNAME,ARR_HOUR,ARR_HOURNAME,ARR_MIN,ARR_MINNAME,HOSP_HR,HOSP_HRNAME,HOSP_MN,HOSP_MNNAME,FATALS
29,Missouri,290424,0,0,3,3,0,5,5,217,VERNON (217),0,NOT APPLICABLE,7,July,5,5,3,Tuesday,2022,13,1:00pm-1:59pm,15,15,I-49,NA,1,Interstate,1,Rural,1,Interstate,1,State Highway Agency,1,This section IS ON the NHS,0,No Special Jurisdiction,110,110,37.90478611,37.90478611,-94.34310833,-94.34310833,58,Ground,0,The First Harmful Event was Not a Collision with a Motor Vehicle in Transport,0,No,1,Non-Junction,1,Not an Intersection,3,On Median,0,None,1,Daylight,1,Clear,0,No,0000000,Not Applicable,99,Unknown,99,Unknown,99,Unknown EMS Scene Arrival Hour,99,Unknown EMS Scene Arrival Minutes,99,Unknown,99,Unknown EMS Hospital Arrival Time,1
29,Missouri,290425,0,0,1,1,0,1,1,113,LINCOLN (113),0,NOT APPLICABLE,7,July,7,7,5,Thursday,2022,2,2:00am-2:59am,0,0,US-61,NA,2,US Highway,1,Rural,2,Principal Arterial - Other Freeways and Expressways,1,State Highway Agency,1,This section IS ON the NHS,0,No Special Jurisdiction,170,170,39.11188889,39.11188889,-90.95966667,-90.95966667,1,Rollover/Overturn,0,The First Harmful Event was Not a Collision with a Motor Vehicle in Transport,0,No,1,Non-Junction,1,Not an Intersection,4,On Roadside,0,None,2,Dark - Not Lighted,99,Reported as Unknown,0,No,0000000,Not Applicable,99,Unknown,98,Unknown if Notified,99,Unknown EMS Scene Arrival Hour,98,Unknown if Arrived,88,Not Applicable (Not Transported),88,Not Applicable (Not Transported),1
29,Missouri,290426,1,1,1,1,0,1,1,31,CAPE GIRARDEAU (31),1390,CAPE GIRARDEAU,7,July,7,7,5,Thursday,2022,22,10:00pm-10:59pm,21,21,LEXINGTON AVE,ABBEY RD,6,Local Street - Municipality,2,Urban,4,Minor Arterial,4,City or Municipal Highway Agency,0,This section IS NOT on the NHS,0,No Special Jurisdiction,10,10,37.33815556,37.33815556,-89.56715,-89.56715,9,Pedalcyclist,0,The First Harmful Event was Not a Collision with a Motor Vehicle in Transport,0,No,2,Intersection,3,T-Intersection,1,On Roadway,0,None,3,Dark - Lighted,10,Cloudy,0,No,0000000,Not Applicable,99,Unknown,99,Unknown,99,Unknown EMS Scene Arrival Hour,99,Unknown EMS Scene Arrival Minutes,99,Unknown,99,Unknown EMS Hospital Arrival Time,1
29,Missouri,290427,1,1,1,1,0,1,1,185,ST. CLAIR (185),0,NOT APPLICABLE,7,July,8,8,6,Friday,2022,22,10:00pm-10:59pm,36,36,SR-13,NA,3,State Highway,1,Rural,3,Principal Arterial - Other,1,State Highway Agency,1,This section IS ON the NHS,0,No Special Jurisdiction,140,140,38.02775,38.02775,-93.67433333,-93.67433333,8,Pedestrian,0,The First Harmful Event was Not a Collision with a Motor Vehicle in Transport,0,No,1,Non-Junction,1,Not an Intersection,1,On Roadway,0,None,2,Dark - Not Lighted,1,Clear,0,No,0000000,Not Applicable,99,Unknown,98,Unknown if Notified,99,Unknown EMS Scene Arrival Hour,98,Unknown if Arrived,88,Not Applicable (Not Transported),88,Not Applicable (Not Transported),1
29,Missouri,290428,0,0,1,1,0,1,1,43,CHRISTIAN (43),0,NOT APPLICABLE,7,July,9,9,7,Saturday,2022,21,9:00pm-9:59pm,29,29,SR-UU,NA,3,State Highway,1,Rural,6,Minor Collector,1,State Highway Agency,0,This section IS NOT on the NHS,0,No Special Jurisdiction,0,None,36.950025,36.950025,-92.90575833,-92.90575833,11,Live Animal,0,The First Harmful Event was Not a Collision with a Motor Vehicle in Transport,0,No,1,Non-Junction,1,Not an Intersection,1,On Roadway,0,None,2,Dark - Not Lighted,1,Clear,0,No,0000000,Not Applicable,99,Unknown,98,Unknown if Notified,99,Unknown EMS Scene Arrival Hour,98,Unknown if Arrived,88,Not Applicable (Not Transported),88,Not Applicable (Not Transported),1
29,Missouri,290429,0,0,3,3,0,7,7,77,GREENE (77),7460,SPRINGFIELD,7,July,9,9,7,Saturday,2022,23,11:00pm-11:59pm,34,34,GRANT AVE,LYNN ST,6,Local Street - Municipality,2,Urban,4,Minor Arterial,4,City or Municipal Highway Agency,0,This section IS NOT on the NHS,0,No Special Jurisdiction,20,20,37.22395,37.22395,-93.29832222,-93.29832222,12,Motor Vehicle In-Transport,2,Front-to-Front,0,No,3,Intersection-Related,2,Four-Way Intersection,1,On Roadway,0,None,3,Dark - Lighted,1,Clear,0,No,0000000,Not Applicable,23,11:00pm-11:59pm,35,35,23,11:00pm-11:59pm,39,39,23,11:00pm-11:59pm,56,56,1
29,Missouri,290430,0,0,1,1,0,1,1,510,ST. LOUIS (CITY) (510),7080,ST. LOUIS,7,July,9,9,7,Saturday,2022,2,2:00am-2:59am,0,0,I-70 RP 228182,NA,1,Interstate,2,Urban,1,Interstate,1,State Highway Agency,1,This section IS ON the NHS,0,No Special Jurisdiction,0,None,38.68431389,38.68431389,-90.22100833,-90.22100833,38,Fence,0,The First Harmful Event was Not a Collision with a Motor Vehicle in Transport,1,Yes,5,Entrance/Exit Ramp Related,1,Not an Intersection,5,Outside Trafficway,0,None,2,Dark - Not Lighted,1,Clear,0,No,0000000,Not Applicable,2,2:00am-2:59am,14,14,2,2:00am-2:59am,25,25,88,Not Applicable (Not Transported),88,Not Applicable (Not Transported),1
29,Missouri,290432,0,0,3,2,1,1,1,77,GREENE (77),7460,SPRINGFIELD,7,July,10,10,1,Sunday,2022,21,9:00pm-9:59pm,10,10,KEARNEY ST,NA,6,Local Street - Municipality,2,Urban,3,Principal Arterial - Other,1,State Highway Agency,1,This section IS ON the NHS,0,No Special Jurisdiction,50,50,37.24064444,37.24064444,-93.28912778,-93.28912778,1,Rollover/Overturn,0,The First Harmful Event was Not a Collision with a Motor Vehicle in Transport,0,No,1,Non-Junction,1,Not an Intersection,1,On Roadway,0,None,3,Dark - Lighted,1,Clear,0,No,0000000,Not Applicable,99,Unknown,98,Unknown if Notified,99,Unknown EMS Scene Arrival Hour,98,Unknown if Arrived,88,Not Applicable (Not Transported),88,Not Applicable (Not Transported),1
29,Missouri,290433,0,0,1,1,0,1,1,185,ST. CLAIR (185),0,NOT APPLICABLE,7,July,10,10,1,Sunday,2022,22,10:00pm-10:59pm,0,0,CR-NE 151,NA,4,County Road,1,Rural,98,Not Reported,2,County Highway Agency,0,This section IS NOT on the NHS,0,No Special Jurisdiction,10,10,38.02780278,38.02780278,-93.75684167,-93.75684167,1,Rollover/Overturn,0,The First Harmful Event was Not a Collision with a Motor Vehicle in Transport,0,No,1,Non-Junction,1,Not an Intersection,1,On Roadway,0,None,2,Dark - Not Lighted,1,Clear,0,No,0000000,Not Applicable,99,Unknown,98,Unknown if Notified,99,Unknown EMS Scene Arrival Hour,98,Unknown if Arrived,88,Not Applicable (Not Transported),88,Not Applicable (Not Transported),1
29,Missouri,290434,0,0,1,1,0,1,1,183,ST. CHARLES (183),0,NOT APPLICABLE,7,July,11,11,2,Monday,2022,15,3:00pm-3:59pm,58,58,SR-94,NA,3,State Highway,1,Rural,5,Major Collector,1,State Highway Agency,0,This section IS NOT on the NHS,0,No Special Jurisdiction,430,430,38.89775556,38.89775556,-90.44488611,-90.44488611,59,Traffic Sign Support,0,The First Harmful Event was Not a Collision with a Motor Vehicle in Transport,0,No,1,Non-Junction,1,Not an Intersection,4,On Roadside,0,None,1,Daylight,1,Clear,0,No,0000000,Not Applicable,15,3:00pm-3:59pm,49,49,16,4:00pm-4:59pm,1,1,88,Not Applicable (Not Transported),88,Not Applicable (Not Transported),1
29,Missouri,290435,0,0,1,1,0,2,2,183,ST. CHARLES (183),7100,ST. PETERS,6,June,16,16,5,Thursday,2022,2,2:00am-2:59am,38,38,MID RIVERS MALL DR,NA,6,Local Street - Municipality,2,Urban,3,Principal Arterial - Other,4,City or Municipal Highway Agency,1,This section IS ON the NHS,0,No Special Jurisdiction,20,20,38.78443333,38.78443333,-90.62441389,-90.62441389,33,Curb,0,The First Harmful Event was Not a Collision with a Motor Vehicle in Transport,0,No,1,Non-Junction,1,Not an Intersection,4,On Roadside,0,None,3,Dark - Lighted,1,Clear,0,No,0000000,Not Applicable,2,2:00am-2:59am,42,42,2,2:00am-2:59am,49,49,88,Not Applicable (Not Transported),88,Not Applicable (Not Transported),2
29,Missouri,290436,0,0,2,2,0,3,3,510,ST. LOUIS (CITY) (510),7080,ST. LOUIS,6,June,20,20,2,Monday,2022,7,7:00am-7:59am,40,40,BATES ST,PENNSYLVANIA AVE,6,Local Street - Municipality,2,Urban,4,Minor Arterial,4,City or Municipal Highway Agency,0,This section IS NOT on the NHS,0,No Special Jurisdiction,20,20,38.56245,38.56245,-90.24286111,-90.24286111,12,Motor Vehicle In-Transport,6,Angle,0,No,2,Intersection,2,Four-Way Intersection,1,On Roadway,0,None,1,Daylight,1,Clear,0,No,0000000,Not Applicable,7,7:00am-7:59am,43,43,7,7:00am-7:59am,54,54,8,8:00am-8:59am,15,15,1
29,Missouri,290437,0,0,2,2,0,2,2,71,FRANKLIN (71),7860,UNION,6,June,27,27,2,Monday,2022,14,2:00pm-2:59pm,55,55,US-50,NA,2,US Highway,2,Urban,3,Principal Arterial - Other,1,State Highway Agency,1,This section IS ON the NHS,0,No Special Jurisdiction,210,210,38.43927778,38.43927778,-91.01761111,-91.01761111,12,Motor Vehicle In-Transport,6,Angle,0,No,8,Driveway Access Related,1,Not an Intersection,1,On Roadway,0,None,1,Daylight,1,Clear,0,No,0000000,Not Applicable,14,2:00pm-2:59pm,56,56,15,3:00pm-3:59pm,0,0,15,3:00pm-3:59pm,19,19,1
29,Missouri,290438,0,0,2,2,0,2,2,127,MARION (127),5320,MONROE CITY,6,June,30,30,5,Thursday,2022,22,10:00pm-10:59pm,58,58,US-36,NA,2,US Highway,1,Rural,2,Principal Arterial - Other Freeways and Expressways,1,State Highway Agency,1,This section IS ON the NHS,0,No Special Jurisdiction,50,50,39.65819444,39.65819444,-91.75180556,-91.75180556,12,Motor Vehicle In-Transport,2,Front-to-Front,0,No,1,Non-Junction,1,Not an Intersection,1,On Roadway,0,None,2,Dark - Not Lighted,1,Clear,0,No,0000000,Not Applicable,99,Unknown,99,Unknown,99,Unknown EMS Scene Arrival Hour,99,Unknown EMS Scene Arrival Minutes,99,Unknown,99,Unknown EMS Hospital Arrival Time,1
29,Missouri,290439,0,0,1,1,0,1,1,510,ST. LOUIS (CITY) (510),7080,ST. LOUIS,7,July,2,2,7,Saturday,2022,3,3:00am-3:59am,40,40,RIVERVIEW DR,NA,6,Local Street - Municipality,2,Urban,3,Principal Arterial - Other,1,State Highway Agency,1,This section IS ON the NHS,0,No Special Jurisdiction,40,40,38.73130833,38.73130833,-90.21762222,-90.21762222,21,Bridge Pier or Support,0,The First Harmful Event was Not a Collision with a Motor Vehicle in Transport,0,No,1,Non-Junction,1,Not an Intersection,3,On Median,0,None,3,Dark - Lighted,1,Clear,0,No,0000000,Not Applicable,3,3:00am-3:59am,42,42,3,3:00am-3:59am,50,50,88,Not Applicable (Not Transported),88,Not Applicable (Not Transported),1
29,Missouri,290440,0,0,1,1,0,1,1,123,MADISON (123),2890,FREDERICKTOWN,7,July,11,11,2,Monday,2022,15,3:00pm-3:59pm,48,48,W MAIN ST,NA,6,Local Street - Municipality,1,Rural,7,Local,4,City or Municipal Highway Agency,0,This section IS NOT on the NHS,0,No Special Jurisdiction,10,10,37.55988333,37.55988333,-90.30065833,-90.30065833,33,Curb,0,The First Harmful Event was Not a Collision with a Motor Vehicle in Transport,0,No,1,Non-Junction,1,Not an Intersection,4,On Roadside,0,None,1,Daylight,1,Clear,0,No,0000000,Not Applicable,99,Unknown,99,Unknown,99,Unknown EMS Scene Arrival Hour,99,Unknown EMS Scene Arrival Minutes,99,Unknown,99,Unknown EMS Hospital Arrival Time,1
29,Missouri,290441,0,0,1,1,0,1,1,95,JACKSON (95),4120,KANSAS CITY,7,July,12,12,3,Tuesday,2022,14,2:00pm-2:59pm,26,26,I-435,NA,1,Interstate,2,Urban,1,Interstate,1,State Highway Agency,1,This section IS ON the NHS,0,No Special Jurisdiction,40,40,38.93997222,38.93997222,-94.53776111,-94.53776111,24,Guardrail Face,0,The First Harmful Event was Not a Collision with a Motor Vehicle in Transport,1,Yes,5,Entrance/Exit Ramp Related,1,Not an Intersection,4,On Roadside,0,None,1,Daylight,1,Clear,0,No,0000000,Not Applicable,14,2:00pm-2:59pm,31,31,14,2:00pm-2:59pm,58,58,15,3:00pm-3:59pm,8,8,1
29,Missouri,290442,0,0,1,1,0,1,1,99,JEFFERSON (99),0,NOT APPLICABLE,7,July,13,13,4,Wednesday,2022,19,7:00pm-7:59pm,0,0,SR-B,NA,3,State Highway,1,Rural,4,Minor Arterial,1,State Highway Agency,0,This section IS NOT on the NHS,0,No Special Jurisdiction,40,40,38.29398611,38.29398611,-90.64811389,-90.64811389,34,Ditch,0,The First Harmful Event was Not a Collision with a Motor Vehicle in Transport,0,No,1,Non-Junction,1,Not an Intersection,4,On Roadside,0,None,1,Daylight,1,Clear,0,No,0000000,Not Applicable,99,Unknown,99,Unknown,99,Unknown EMS Scene Arrival Hour,99,Unknown EMS Scene Arrival Minutes,99,Unknown,99,Unknown EMS Hospital Arrival Time,1
29,Missouri,290443,0,0,3,3,0,6,6,43,CHRISTIAN (43),5730,NIXA,7,July,13,13,4,Wednesday,2022,21,9:00pm-9:59pm,8,8,US-160,NORTHVIEW RD,2,US Highway,2,Urban,3,Principal Arterial - Other,1,State Highway Agency,1,This section IS ON the NHS,0,No Special Jurisdiction,180,180,37.05458333,37.05458333,-93.30347222,-93.30347222,12,Motor Vehicle In-Transport,6,Angle,0,No,2,Intersection,2,Four-Way Intersection,1,On Roadway,0,None,3,Dark - Lighted,1,Clear,0,No,0000000,Not Applicable,21,9:00pm-9:59pm,9,9,21,9:00pm-9:59pm,15,15,21,9:00pm-9:59pm,35,35,1
29,Missouri,290444,0,0,2,2,0,2,2,213,TANEY (213),0,NOT APPLICABLE,7,July,13,13,4,Wednesday,2022,15,3:00pm-3:59pm,48,48,US-160,NA,2,US Highway,1,Rural,5,Major Collector,1,State Highway Agency,0,This section IS NOT on the NHS,0,No Special Jurisdiction,40,40,36.76074722,36.76074722,-93.25651667,-93.25651667,12,Motor Vehicle In-Transport,2,Front-to-Front,0,No,1,Non-Junction,1,Not an Intersection,1,On Roadway,0,None,1,Daylight,1,Clear,0,No,0000000,Not Applicable,15,3:00pm-3:59pm,44,44,15,3:00pm-3:59pm,55,55,16,4:00pm-4:59pm,41,41,1
29,Missouri,290445,0,0,1,1,0,1,1,23,BUTLER (23),0,NOT APPLICABLE,7,July,13,13,4,Wednesday,2022,18,6:00pm-6:59pm,15,15,SR-O,NA,3,State Highway,1,Rural,5,Major Collector,1,State Highway Agency,0,This section IS NOT on the NHS,0,No Special Jurisdiction,50,50,36.86711111,36.86711111,-90.44111111,-90.44111111,1,Rollover/Overturn,0,The First Harmful Event was Not a Collision with a Motor Vehicle in Transport,0,No,1,Non-Junction,1,Not an Intersection,4,On Roadside,0,None,1,Daylight,1,Clear,0,No,0000000,Not Applicable,18,6:00pm-6:59pm,31,31,19,7:00pm-7:59pm,18,18,20,8:00pm-8:59pm,31,31,1
29,Missouri,290446,0,0,2,2,0,2,2,189,ST LOUIS (189),7665,SUNSET HILLS,7,July,14,14,5,Thursday,2022,14,2:00pm-2:59pm,30,30,SR-30,W WATSON RD,3,State Highway,2,Urban,3,Principal Arterial - Other,1,State Highway Agency,1,This section IS ON the NHS,0,No Special Jurisdiction,80,80,38.51655556,38.51655556,-90.42997222,-90.42997222,12,Motor Vehicle In-Transport,6,Angle,0,No,2,Intersection,2,Four-Way Intersection,1,On Roadway,0,None,1,Daylight,10,Cloudy,0,No,0000000,Not Applicable,99,Unknown,99,Unknown,99,Unknown EMS Scene Arrival Hour,99,Unknown EMS Scene Arrival Minutes,99,Unknown,99,Unknown EMS Hospital Arrival Time,1
29,Missouri,290447,0,0,1,1,0,1,1,223,WAYNE (223),0,NOT APPLICABLE,7,July,14,14,5,Thursday,2022,12,12:00pm-12:59pm,40,40,SR-T,NA,3,State Highway,1,Rural,5,Major Collector,1,State Highway Agency,0,This section IS NOT on the NHS,0,No Special Jurisdiction,30,30,36.92463889,36.92463889,-90.28255556,-90.28255556,1,Rollover/Overturn,0,The First Harmful Event was Not a Collision with a Motor Vehicle in Transport,0,No,1,Non-Junction,1,Not an Intersection,4,On Roadside,0,None,1,Daylight,1,Clear,0,No,0000000,Not Applicable,12,12:00pm-12:59pm,52,52,13,1:00pm-1:59pm,7,7,14,2:00pm-2:59pm,8,8,1
29,Missouri,290448,1,1,1,1,0,1,1,510,ST. LOUIS (CITY) (510),7080,ST. LOUIS,7,July,15,15,6,Friday,2022,21,9:00pm-9:59pm,10,10,GRAND BLVD,JUNIATA ST,6,Local Street - Municipality,2,Urban,3,Principal Arterial - Other,4,City or Municipal Highway Agency,1,This section IS ON the NHS,0,No Special Jurisdiction,60,60,38.60094444,38.60094444,-90.24252222,-90.24252222,8,Pedestrian,0,The First Harmful Event was Not a Collision with a Motor Vehicle in Transport,0,No,3,Intersection-Related,2,Four-Way Intersection,1,On Roadway,0,None,3,Dark - Lighted,1,Clear,0,No,0000000,Not Applicable,21,9:00pm-9:59pm,15,15,21,9:00pm-9:59pm,18,18,22,10:00pm-10:59pm,9,9,1
29,Missouri,290449,0,0,1,1,0,1,1,127,MARION (127),3470,HANNIBAL,7,July,15,15,6,Friday,2022,22,10:00pm-10:59pm,50,50,WARREN BARRETT DR,NA,6,Local Street - Municipality,2,Urban,4,Minor Arterial,4,City or Municipal Highway Agency,0,This section IS NOT on the NHS,0,No Special Jurisdiction,0,None,39.69805,39.69805,-91.3741,-91.3741,33,Curb,0,The First Harmful Event was Not a Collision with a Motor Vehicle in Transport,0,No,1,Non-Junction,1,Not an Intersection,4,On Roadside,0,None,3,Dark - Lighted,1,Clear,0,No,0000000,Not Applicable,99,Unknown,98,Unknown if Notified,99,Unknown EMS Scene Arrival Hour,98,Unknown if Arrived,88,Not Applicable (Not Transported),88,Not Applicable (Not Transported),1
29,Missouri,290450,1,1,1,1,0,1,1,77,GREENE (77),7460,SPRINGFIELD,7,July,16,16,7,Saturday,2022,22,10:00pm-10:59pm,35,35,CHESTNUT EXPY,NA,6,Local Street - Municipality,2,Urban,3,Principal Arterial - Other,1,State Highway Agency,1,This section IS ON the NHS,0,No Special Jurisdiction,10,10,37.21232222,37.21232222,-93.36335556,-93.36335556,8,Pedestrian,0,The First Harmful Event was Not a Collision with a Motor Vehicle in Transport,0,No,1,Non-Junction,1,Not an Intersection,1,On Roadway,0,None,3,Dark - Lighted,10,Cloudy,0,No,0000000,Not Applicable,22,10:00pm-10:59pm,39,39,22,10:00pm-10:59pm,45,45,23,11:00pm-11:59pm,0,0,1
29,Missouri,290451,0,0,1,1,0,1,1,77,GREENE (77),0,NOT APPLICABLE,7,July,16,16,7,Saturday,2022,17,5:00pm-5:59pm,9,9,I-44,NA,1,Interstate,1,Rural,1,Interstate,1,State Highway Agency,1,This section IS ON the NHS,0,No Special Jurisdiction,70,70,37.18719444,37.18719444,-93.48613889,-93.48613889,35,Embankment,0,The First Harmful Event was Not a Collision with a Motor Vehicle in Transport,0,No,1,Non-Junction,1,Not an Intersection,4,On Roadside,0,None,1,Daylight,10,Cloudy,0,No,0000000,Not Applicable,99,Unknown,98,Unknown if Notified,99,Unknown EMS Scene Arrival Hour,98,Unknown if Arrived,88,Not Applicable (Not Transported),88,Not Applicable (Not Transported),1
29,Missouri,290452,0,0,2,2,0,3,3,43,CHRISTIAN (43),0,NOT APPLICABLE,7,July,16,16,7,Saturday,2022,4,4:00am-4:59am,0,0,US-60,NA,2,US Highway,1,Rural,3,Principal Arterial - Other,1,State Highway Agency,1,This section IS ON the NHS,0,No Special Jurisdiction,0,None,37.02077778,37.02077778,-93.60622222,-93.60622222,12,Motor Vehicle In-Transport,2,Front-to-Front,0,No,1,Non-Junction,1,Not an Intersection,1,On Roadway,0,None,2,Dark - Not Lighted,1,Clear,0,No,0000000,Not Applicable,99,Unknown,99,Unknown,99,Unknown EMS Scene Arrival Hour,99,Unknown EMS Scene Arrival Minutes,99,Unknown,99,Unknown EMS Hospital Arrival Time,1
29,Missouri,290453,0,0,2,2,0,3,3,95,JACKSON (95),4120,KANSAS CITY,7,July,17,17,1,Sunday,2022,1,1:00am-1:59am,40,40,BROADWAY BLVD,NA,6,Local Street - Municipality,2,Urban,4,Minor Arterial,4,City or Municipal Highway Agency,0,This section IS NOT on the NHS,0,No Special Jurisdiction,10,10,39.0922,39.0922,-94.58876111,-94.58876111,12,Motor Vehicle In-Transport,2,Front-to-Front,0,No,1,Non-Junction,1,Not an Intersection,1,On Roadway,0,None,3,Dark - Lighted,10,Cloudy,0,No,0000000,Not Applicable,1,1:00am-1:59am,40,40,1,1:00am-1:59am,43,43,2,2:00am-2:59am,2,2,1
29,Missouri,290454,0,0,1,1,0,1,1,161,PHELPS (161),0,NOT APPLICABLE,7,July,17,17,1,Sunday,2022,22,10:00pm-10:59pm,30,30,SR-A,NA,3,State Highway,1,Rural,5,Major Collector,1,State Highway Agency,0,This section IS NOT on the NHS,0,No Special Jurisdiction,10,10,38.0415,38.0415,-91.84369444,-91.84369444,1,Rollover/Overturn,0,The First Harmful Event was Not a Collision with a Motor Vehicle in Transport,0,No,1,Non-Junction,1,Not an Intersection,4,On Roadside,0,None,2,Dark - Not Lighted,1,Clear,0,No,0000000,Not Applicable,99,Unknown,98,Unknown if Notified,99,Unknown EMS Scene Arrival Hour,98,Unknown if Arrived,88,Not Applicable (Not Transported),88,Not Applicable (Not Transported),1
29,Missouri,290455,0,0,1,1,0,1,1,183,ST. CHARLES (183),7010,ST. CHARLES,6,June,21,21,3,Tuesday,2022,23,11:00pm-11:59pm,9,9,CR-CAULKS HILL RD,NA,4,County Road,2,Urban,4,Minor Arterial,2,County Highway Agency,0,This section IS NOT on the NHS,0,No Special Jurisdiction,10,10,38.7333,38.7333,-90.57593056,-90.57593056,33,Curb,0,The First Harmful Event was Not a Collision with a Motor Vehicle in Transport,0,No,1,Non-Junction,1,Not an Intersection,4,On Roadside,0,None,2,Dark - Not Lighted,1,Clear,0,No,0000000,Not Applicable,99,Unknown,98,Unknown if Notified,99,Unknown EMS Scene Arrival Hour,98,Unknown if Arrived,88,Not Applicable (Not Transported),88,Not Applicable (Not Transported),1
29,Missouri,290456,1,1,1,1,0,1,1,113,LINCOLN (113),0,NOT APPLICABLE,7,July,3,3,1,Sunday,2022,1,1:00am-1:59am,11,11,SR-47,NA,3,State Highway,1,Rural,4,Minor Arterial,1,State Highway Agency,0,This section IS NOT on the NHS,0,No Special Jurisdiction,30,30,38.98413889,38.98413889,-90.79080556,-90.79080556,8,Pedestrian,0,The First Harmful Event was Not a Collision with a Motor Vehicle in Transport,0,No,1,Non-Junction,1,Not an Intersection,1,On Roadway,0,None,2,Dark - Not Lighted,1,Clear,0,No,0000000,Not Applicable,2,2:00am-2:59am,51,51,3,3:00am-3:59am,0,0,88,Not Applicable (Not Transported),88,Not Applicable (Not Transported),1
29,Missouri,290457,0,0,2,2,0,2,2,165,PLATTE (165),0,NOT APPLICABLE,7,July,9,9,7,Saturday,2022,17,5:00pm-5:59pm,13,13,SR-45,CR-GRASS PAD RD,3,State Highway,1,Rural,4,Minor Arterial,1,State Highway Agency,0,This section IS NOT on the NHS,0,No Special Jurisdiction,210,210,39.30024167,39.30024167,-94.84604444,-94.84604444,12,Motor Vehicle In-Transport,2,Front-to-Front,0,No,2,Intersection,3,T-Intersection,1,On Roadway,0,None,1,Daylight,1,Clear,0,No,0000000,Not Applicable,16,4:00pm-4:59pm,16,16,16,4:00pm-4:59pm,30,30,88,Not Applicable (Not Transported),88,Not Applicable (Not Transported),1
29,Missouri,290458,0,0,2,2,0,2,2,95,JACKSON (95),4120,KANSAS CITY,7,July,15,15,6,Friday,2022,21,9:00pm-9:59pm,40,40,HOLMES RD,NA,6,Local Street - Municipality,2,Urban,4,Minor Arterial,4,City or Municipal Highway Agency,0,This section IS NOT on the NHS,0,No Special Jurisdiction,80,80,38.90263889,38.90263889,-94.58502222,-94.58502222,12,Motor Vehicle In-Transport,8,Sideswipe - Opposite Direction,0,No,1,Non-Junction,1,Not an Intersection,1,On Roadway,0,None,3,Dark - Lighted,1,Clear,0,No,0000000,Not Applicable,99,Unknown,98,Unknown if Notified,99,Unknown EMS Scene Arrival Hour,98,Unknown if Arrived,88,Not Applicable (Not Transported),88,Not Applicable (Not Transported),1
29,Missouri,290459,0,0,2,2,0,2,2,165,PLATTE (165),0,NOT APPLICABLE,7,July,17,17,1,Sunday,2022,5,5:00am-5:59am,59,59,SR-45,NA,3,State Highway,1,Rural,4,Minor Arterial,1,State Highway Agency,0,This section IS NOT on the NHS,0,No Special Jurisdiction,260,260,39.23708333,39.23708333,-94.80032222,-94.80032222,12,Motor Vehicle In-Transport,2,Front-to-Front,0,No,1,Non-Junction,1,Not an Intersection,1,On Roadway,0,None,3,Dark - Lighted,2,Rain,0,No,0000000,Not Applicable,5,5:00am-5:59am,5,5,5,5:00am-5:59am,15,15,5,5:00am-5:59am,50,50,1
29,Missouri,290460,0,0,1,1,0,1,1,127,MARION (127),0,NOT APPLICABLE,7,July,18,18,2,Monday,2022,21,9:00pm-9:59pm,20,20,SR-Z,NA,3,State Highway,1,Rural,5,Major Collector,1,State Highway Agency,0,This section IS NOT on the NHS,0,No Special Jurisdiction,110,110,39.68586111,39.68586111,-91.71572222,-91.71572222,35,Embankment,0,The First Harmful Event was Not a Collision with a Motor Vehicle in Transport,0,No,1,Non-Junction,1,Not an Intersection,4,On Roadside,0,None,2,Dark - Not Lighted,1,Clear,0,No,0000000,Not Applicable,99,Unknown,99,Unknown,99,Unknown EMS Scene Arrival Hour,99,Unknown EMS Scene Arrival Minutes,99,Unknown,99,Unknown EMS Hospital Arrival Time,1