STATE,STATENAME,ST_CASE,PEDS,PERNOTMVIT,VE_TOTAL,VE_FORMS,PVH_INVL,PERSONS,PERMVIT,COUNTY,COUNTYNAME,CITY,CITYNAME,MONTH,MONTHNAME,DAY,DAYNAME,DAY_WEEK,DAY_WEEKNAME,YEAR,HOUR,HOURNAME,MINUTE,MINUTENAME,TWAY_ID,TWAY_ID2,ROUTE,ROUTENAME,RUR_URB,RUR_URBNAME,FUNC_SYS,FUNC_SYSNAME,RD_OWNER,RD_OWNERNAME,NHS,NHSNAME,SP_JUR,SP_JURNAME,MILEPT,MILEPTNAME,LATITUDE,LATITUDENAME,LONGITUD,LONGITUDNAME,HARM_EV,HARM_EVNAME,MAN_COLL,MAN_COLLNAME,RELJCT1,RELJCT1NAME,RELJCT2,RELJCT2NAME,TYP_INT,TYP_INTNAME,REL_ROAD,REL_ROADNAME,WRK_ZONE,WRK_ZONENAME,LGT_COND,LGT_CONDNAME,WEATHER,WEATHERNAME,SCH_BUS,SCH_BUSNAME,RAIL,RAILNAME,NOT_HOUR,NOT_HOURNAME,NOT_MIN,NOT_MINNAME,ARR_HOUR,ARR_HOURNAME,ARR_MIN,ARR_MINNAME,HOSP_HR,HOSP_HRNAME,HOSP_MN,HOSP_MNNAME,FATALS
29,Missouri,290461,0,0,1,1,0,1,1,93,IRON (93),0,NOT APPLICABLE,7,July,19,19,3,Tuesday,2022,21,9:00pm-9:59pm,48,48,CR-80A,NA,4,County Road,1,Rural,98,Not Reported,2,County Highway Agency,0,This section IS NOT on the NHS,0,No Special Jurisdiction,10,10,37.73430556,37.73430556,-91.05136111,-91.05136111,42,Tree (Standing Only),0,The First Harmful Event was Not a Collision with a Motor Vehicle in Transport,0,No,1,Non-Junction,1,Not an Intersection,4,On Roadside,0,None,2,Dark - Not Lighted,1,Clear,0,No,0000000,Not Applicable,22,10:00pm-10:59pm,2,2,22,10:00pm-10:59pm,25,25,23,11:00pm-11:59pm,59,59,1
29,Missouri,290462,0,0,2,2,0,2,2,21,BUCHANAN (21),0,NOT APPLICABLE,7,July,20,20,4,Wednesday,2022,18,6:00pm-6:59pm,33,33,US-36,NA,2,US Highway,1,Rural,2,Principal Arterial - Other Freeways and Expressways,1,State Highway Agency,1,This section IS ON the NHS,0,No Special Jurisdiction,20,20,39.74746667,39.74746667,-94.647075,-94.647075,12,Motor Vehicle In-Transport,1,Front-to-Rear,0,No,1,Non-Junction,1,Not an Intersection,1,On Roadway,0,None,1,Daylight,1,Clear,0,No,0000000,Not Applicable,18,6:00pm-6:59pm,30,30,18,6:00pm-6:59pm,38,38,19,7:00pm-7:59pm,1,1,1
29,Missouri,290463,0,0,2,2,0,2,2,145,NEWTON (145),0,NOT APPLICABLE,7,July,21,21,5,Thursday,2022,7,7:00am-7:59am,5,5,SR-86,NA,3,State Highway,1,Rural,4,Minor Arterial,1,State Highway Agency,0,This section IS NOT on the NHS,0,No Special Jurisdiction,310,310,36.87694444,36.87694444,-94.20605556,-94.20605556,12,Motor Vehicle In-Transport,2,Front-to-Front,0,No,1,Non-Junction,1,Not an Intersection,1,On Roadway,0,None,1,Daylight,1,Clear,0,No,0000000,Not Applicable,7,7:00am-7:59am,13,13,7,7:00am-7:59am,40,40,8,8:00am-8:59am,8,8,2
29,Missouri,290464,0,0,1,1,0,4,4,81,HARRISON (81),0,NOT APPLICABLE,7,July,21,21,5,Thursday,2022,0,0:00am-0:59am,5,5,I-35,NA,1,Interstate,1,Rural,1,Interstate,1,State Highway Agency,1,This section IS ON the NHS,0,No Special Jurisdiction,300,300,40.56409722,40.56409722,-93.94891389,-93.94891389,1,Rollover/Overturn,0,The First Harmful Event was Not a Collision with a Motor Vehicle in Transport,0,No,1,Non-Junction,1,Not an Intersection,3,On Median,0,None,2,Dark - Not Lighted,1,Clear,0,No,0000000,Not Applicable,99,Unknown,99,Unknown,99,Unknown EMS Scene Arrival Hour,99,Unknown EMS Scene Arrival Minutes,99,Unknown,99,Unknown EMS Hospital Arrival Time,1
29,Missouri,290465,0,0,2,2,0,3,3,95,JACKSON (95),4120,KANSAS CITY,7,July,22,22,6,Friday,2022,7,7:00am-7:59am,28,28,I-70,NA,1,Interstate,2,Urban,1,Interstate,1,State Highway Agency,1,This section IS ON the NHS,0,No Special Jurisdiction,50,50,39.08366944,39.08366944,-94.54125556,-94.54125556,25,Concrete Traffic Barrier,0,The First Harmful Event was Not a Collision with a Motor Vehicle in Transport,1,Yes,19,Other location within Interchange Area,1,Not an Intersection,3,On Median,0,None,1,Daylight,1,Clear,0,No,0000000,Not Applicable,7,7:00am-7:59am,28,28,7,7:00am-7:59am,35,35,7,7:00am-7:59am,51,51,1
29,Missouri,290466,0,0,1,1,0,1,1,221,WASHINGTON (221),0,NOT APPLICABLE,7,July,13,13,4,Wednesday,2022,14,2:00pm-2:59pm,0,0,CR-GOBBLERS KNOB RD,NA,4,County Road,1,Rural,98,Not Reported,2,County Highway Agency,0,This section IS NOT on the NHS,0,No Special Jurisdiction,40,40,37.88161111,37.88161111,-91.07830556,-91.07830556,58,Ground,0,The First Harmful Event was Not a Collision with a Motor Vehicle in Transport,0,No,1,Non-Junction,1,Not an Intersection,4,On Roadside,0,None,1,Daylight,1,Clear,0,No,0000000,Not Applicable,99,Unknown,98,Unknown if Notified,99,Unknown EMS Scene Arrival Hour,98,Unknown if Arrived,88,Not Applicable (Not Transported),88,Not Applicable (Not Transported),1
29,Missouri,290467,0,0,1,1,0,1,1,209,STONE (209),0,NOT APPLICABLE,7,July,16,16,7,Saturday,2022,20,8:00pm-8:59pm,40,40,SR-A,NA,3,State Highway,1,Rural,5,Major Collector,1,State Highway Agency,0,This section IS NOT on the NHS,0,No Special Jurisdiction,80,80,36.94222222,36.94222222,-93.44963889,-93.44963889,42,Tree (Standing Only),0,The First Harmful Event was Not a Collision with a Motor Vehicle in Transport,0,No,1,Non-Junction,1,Not an Intersection,4,On Roadside,0,None,2,Dark - Not Lighted,10,Cloudy,0,No,0000000,Not Applicable,20,8:00pm-8:59pm,51,51,21,9:00pm-9:59pm,22,22,21,9:00pm-9:59pm,56,56,1
29,Missouri,290468,0,0,1,1,0,1,1,187,ST FRANCOIS (187),0,NOT APPLICABLE,7,July,18,18,2,Monday,2022,21,9:00pm-9:59pm,22,22,CR-POSSUM HOLLOW RD,NA,4,County Road,1,Rural,98,Not Reported,2,County Highway Agency,0,This section IS NOT on the NHS,0,No Special Jurisdiction,20,20,37.73033333,37.73033333,-90.39172222,-90.39172222,1,Rollover/Overturn,0,The First Harmful Event was Not a Collision with a Motor Vehicle in Transport,0,No,1,Non-Junction,1,Not an Intersection,1,On Roadway,0,None,2,Dark - Not Lighted,1,Clear,0,No,0000000,Not Applicable,21,9:00pm-9:59pm,25,25,21,9:00pm-9:59pm,38,38,22,10:00pm-10:59pm,15,15,1
29,Missouri,290469,0,0,2,1,1,1,1,95,JACKSON (95),3280,GRANDVIEW,7,July,23,23,7,Saturday,2022,3,3:00am-3:59am,39,39,I-49,NA,1,Interstate,2,Urban,1,Interstate,1,State Highway Agency,1,This section IS ON the NHS,0,No Special Jurisdiction,50,50,38.87041667,38.87041667,-94.52656111,-94.52656111,1,Rollover/Overturn,0,The First Harmful Event was Not a Collision with a Motor Vehicle in Transport,1,Yes,19,Other location within Interchange Area,1,Not an Intersection,10,Separator,0,None,2,Dark - Not Lighted,1,Clear,0,No,0000000,Not Applicable,99,Unknown,98,Unknown if Notified,99,Unknown EMS Scene Arrival Hour,98,Unknown if Arrived,88,Not Applicable (Not Transported),88,Not Applicable (Not Transported),1
29,Missouri,290470,0,0,1,1,0,1,1,185,ST. CLAIR (185),5970,OSCEOLA,7,July,24,24,1,Sunday,2022,19,7:00pm-7:59pm,41,41,SR-13,TRUMAN RD,3,State Highway,1,Rural,3,Principal Arterial - Other,1,State Highway Agency,1,This section IS ON the NHS,0,No Special Jurisdiction,120,120,38.05388611,38.05388611,-93.68943056,-93.68943056,1,Rollover/Overturn,0,The First Harmful Event was Not a Collision with a Motor Vehicle in Transport,0,No,3,Intersection-Related,2,Four-Way Intersection,1,On Roadway,0,None,1,Daylight,1,Clear,0,No,0000000,Not Applicable,19,7:00pm-7:59pm,48,48,20,8:00pm-8:59pm,32,32,21,9:00pm-9:59pm,33,33,1
29,Missouri,290471,0,0,1,1,0,1,1,113,LINCOLN (113),0,NOT APPLICABLE,7,July,24,24,1,Sunday,2022,17,5:00pm-5:59pm,3,3,SR-H,NA,3,State Highway,1,Rural,6,Minor Collector,1,State Highway Agency,0,This section IS NOT on the NHS,0,No Special Jurisdiction,0,None,39.13780556,39.13780556,-91.12369444,-91.12369444,1,Rollover/Overturn,0,The First Harmful Event was Not a Collision with a Motor Vehicle in Transport,0,No,1,Non-Junction,1,Not an Intersection,4,On Roadside,0,None,1,Daylight,10,Cloudy,0,No,0000000,Not Applicable,17,5:00pm-5:59pm,5,5,17,5:00pm-5:59pm,24,24,88,Not Applicable (Not Transported),88,Not Applicable (Not Transported),1
29,Missouri,290472,1,1,1,1,0,1,1,145,NEWTON (145),0,NOT APPLICABLE,7,July,26,26,3,Tuesday,2022,4,4:00am-4:59am,10,10,SR-K,NA,3,State Highway,1,Rural,5,Major Collector,1,State Highway Agency,0,This section IS NOT on the NHS,0,No Special Jurisdiction,50,50,36.88213333,36.88213333,-94.55295556,-94.55295556,8,Pedestrian,0,The First Harmful Event was Not a Collision with a Motor Vehicle in Transport,0,No,1,Non-Junction,1,Not an Intersection,1,On Roadway,0,None,2,Dark - Not Lighted,1,Clear,0,No,0000000,Not Applicable,4,4:00am-4:59am,16,16,4,4:00am-4:59am,25,25,4,4:00am-4:59am,57,57,1
29,Missouri,290474,1,1,1,1,0,1,1,77,GREENE (77),7460,SPRINGFIELD,7,July,30,30,7,Saturday,2022,22,10:00pm-10:59pm,37,37,HOLLAND AVE,E MADISON ST,6,Local Street - Municipality,2,Urban,98,Not Reported,4,City or Municipal Highway Agency,0,This section IS NOT on the NHS,0,No Special Jurisdiction,0,None,37.20029722,37.20029722,-93.28536389,-93.28536389,8,Pedestrian,0,The First Harmful Event was Not a Collision with a Motor Vehicle in Transport,0,No,3,Intersection-Related,3,T-Intersection,1,On Roadway,0,None,3,Dark - Lighted,10,Cloudy,0,No,0000000,Not Applicable,22,10:00pm-10:59pm,43,43,22,10:00pm-10:59pm,50,50,23,11:00pm-11:59pm,11,11,1
29,Missouri,290475,0,0,2,2,0,3,3,69,DUNKLIN (69),4870,MALDEN,7,July,31,31,1,Sunday,2022,11,11:00am-11:59am,46,46,SR-J,PALO VERDE,3,State Highway,1,Rural,4,Minor Arterial,1,State Highway Agency,0,This section IS NOT on the NHS,0,No Special Jurisdiction,110,110,36.56398333,36.56398333,-89.97873889,-89.97873889,12,Motor Vehicle In-Transport,6,Angle,0,No,2,Intersection,3,T-Intersection,1,On Roadway,0,None,1,Daylight,10,Cloudy,0,No,0000000,Not Applicable,11,11:00am-11:59am,46,46,12,12:00pm-12:59pm,1,1,12,12:00pm-12:59pm,58,58,1
29,Missouri,290476,0,0,2,2,0,2,2,189,ST LOUIS (189),0,NOT APPLICABLE,6,June,24,24,6,Friday,2022,19,7:00pm-7:59pm,40,40,SR-AC,CR-CHAMBERS RD,3,State Highway,2,Urban,3,Principal Arterial - Other,1,State Highway Agency,1,This section IS ON the NHS,0,No Special Jurisdiction,50,50,38.74925556,38.74925556,-90.25423056,-90.25423056,12,Motor Vehicle In-Transport,6,Angle,0,No,2,Intersection,2,Four-Way Intersection,1,On Roadway,0,None,1,Daylight,1,Clear,0,No,0000000,Not Applicable,13,1:00pm-1:59pm,45,45,13,1:00pm-1:59pm,50,50,14,2:00pm-2:59pm,12,12,1
29,Missouri,290477,0,0,1,1,0,1,1,77,GREENE (77),7460,SPRINGFIELD,7,July,1,1,6,Friday,2022,13,1:00pm-1:59pm,39,39,FREMONT AVE,NA,6,Local Street - Municipality,2,Urban,4,Minor Arterial,4,City or Municipal Highway Agency,0,This section IS NOT on the NHS,0,No Special Jurisdiction,20,20,37.16770556,37.16770556,-93.27194167,-93.27194167,33,Curb,0,The First Harmful Event was Not a Collision with a Motor Vehicle in Transport,0,No,1,Non-Junction,1,Not an Intersection,4,On Roadside,0,None,1,Daylight,1,Clear,0,No,0000000,Not Applicable,13,1:00pm-1:59pm,42,42,13,1:00pm-1:59pm,49,49,14,2:00pm-2:59pm,4,4,1
29,Missouri,290478,1,1,1,1,0,1,1,187,ST FRANCOIS (187),2670,FARMINGTON,7,July,5,5,3,Tuesday,2022,21,9:00pm-9:59pm,7,7,SR-32,NA,3,State Highway,2,Urban,3,Principal Arterial - Other,1,State Highway Agency,1,This section IS ON the NHS,0,No Special Jurisdiction,170,170,37.78761111,37.78761111,-90.42144444,-90.42144444,8,Pedestrian,0,The First Harmful Event was Not a Collision with a Motor Vehicle in Transport,0,No,1,Non-Junction,1,Not an Intersection,1,On Roadway,0,None,3,Dark - Lighted,1,Clear,0,No,0000000,Not Applicable,99,Unknown,99,Unknown,99,Unknown EMS Scene Arrival Hour,99,Unknown EMS Scene Arrival Minutes,99,Unknown,99,Unknown EMS Hospital Arrival Time,1
29,Missouri,290479,0,0,1,1,0,2,2,51,COLE (51),0,NOT APPLICABLE,7,July,16,16,7,Saturday,2022,14,2:00pm-2:59pm,25,25,SR-B,NA,3,State Highway,1,Rural,5,Major Collector,1,State Highway Agency,0,This section IS NOT on the NHS,0,No Special Jurisdiction,110,110,38.43233333,38.43233333,-92.209,-92.209,34,Ditch,0,The First Harmful Event was Not a Collision with a Motor Vehicle in Transport,0,No,1,Non-Junction,1,Not an Intersection,4,On Roadside,0,None,1,Daylight,1,Clear,0,No,0000000,Not Applicable,14,2:00pm-2:59pm,30,30,15,3:00pm-3:59pm,2,2,15,3:00pm-3:59pm,33,33,1
29,Missouri,290480,1,1,1,1,0,1,1,510,ST. LOUIS (CITY) (510),7080,ST. LOUIS,7,July,18,18,2,Monday,2022,23,11:00pm-11:59pm,30,30,GRAND BLVD,NA,6,Local Street - Municipality,2,Urban,3,Principal Arterial - Other,4,City or Municipal Highway Agency,1,This section IS ON the NHS,0,No Special Jurisdiction,30,30,38.64331111,38.64331111,-90.228775,-90.228775,8,Pedestrian,0,The First Harmful Event was Not a Collision with a Motor Vehicle in Transport,0,No,1,Non-Junction,1,Not an Intersection,1,On Roadway,0,None,3,Dark - Lighted,1,Clear,0,No,0000000,Not Applicable,23,11:00pm-11:59pm,36,36,23,11:00pm-11:59pm,46,46,0,0:00am-0:59am,4,4,1
29,Missouri,290481,0,0,2,2,0,2,2,183,ST. CHARLES (183),0,NOT APPLICABLE,7,July,19,19,3,Tuesday,2022,7,7:00am-7:59am,55,55,SR-P,CR-GUTHRIE RD,3,State Highway,2,Urban,5,Major Collector,1,State Highway Agency,0,This section IS NOT on the NHS,0,No Special Jurisdiction,60,60,38.84658333,38.84658333,-90.77230556,-90.77230556,12,Motor Vehicle In-Transport,6,Angle,0,No,2,Intersection,2,Four-Way Intersection,1,On Roadway,0,None,1,Daylight,1,Clear,0,No,0000000,Not Applicable,8,8:00am-8:59am,4,4,8,8:00am-8:59am,14,14,8,8:00am-8:59am,38,38,1
29,Missouri,290482,0,0,1,1,0,1,1,31,CAPE GIRARDEAU (31),0,NOT APPLICABLE,7,July,23,23,7,Saturday,2022,19,7:00pm-7:59pm,56,56,SR-A,NA,3,State Highway,1,Rural,5,Major Collector,1,State Highway Agency,0,This section IS NOT on the NHS,0,No Special Jurisdiction,100,100,37.25595833,37.25595833,-89.68321389,-89.68321389,35,Embankment,0,The First Harmful Event was Not a Collision with a Motor Vehicle in Transport,0,No,1,Non-Junction,1,Not an Intersection,4,On Roadside,0,None,1,Daylight,1,Clear,0,No,0000000,Not Applicable,99,Unknown,99,Unknown,99,Unknown EMS Scene Arrival Hour,99,Unknown EMS Scene Arrival Minutes,99,Unknown,99,Unknown EMS Hospital Arrival Time,1
29,Missouri,290483,0,0,2,2,0,3,3,43,CHRISTIAN (43),0,NOT APPLICABLE,7,July,25,25,2,Monday,2022,18,6:00pm-6:59pm,15,15,US-160,SR-HH,2,US Highway,1,Rural,3,Principal Arterial - Other,1,State Highway Agency,1,This section IS ON the NHS,0,No Special Jurisdiction,140,140,36.90097222,36.90097222,-93.28625,-93.28625,12,Motor Vehicle In-Transport,6,Angle,0,No,2,Intersection,2,Four-Way Intersection,1,On Roadway,0,None,1,Daylight,1,Clear,0,No,0000000,Not Applicable,18,6:00pm-6:59pm,17,17,18,6:00pm-6:59pm,21,21,18,6:00pm-6:59pm,55,55,1
29,Missouri,290484,0,0,2,2,0,2,2,510,ST. LOUIS (CITY) (510),7080,ST. LOUIS,7,July,27,27,4,Wednesday,2022,23,11:00pm-11:59pm,39,39,BROADWAY ST,LOUGHBOROUGH,5,Local Street - Township,2,Urban,4,Minor Arterial,4,City or Municipal Highway Agency,0,This section IS NOT on the NHS,0,No Special Jurisdiction,40,40,38.55251111,38.55251111,-90.25218889,-90.25218889,12,Motor Vehicle In-Transport,2,Front-to-Front,0,No,2,Intersection,2,Four-Way Intersection,1,On Roadway,0,None,3,Dark - Lighted,1,Clear,0,No,0000000,Not Applicable,23,11:00pm-11:59pm,42,42,23,11:00pm-11:59pm,53,53,0,0:00am-0:59am,24,24,1
29,Missouri,290485,0,0,2,2,0,4,4,21,BUCHANAN (21),0,NOT APPLICABLE,7,July,29,29,6,Friday,2022,6,6:00am-6:59am,10,10,SR-A,NA,3,State Highway,1,Rural,5,Major Collector,1,State Highway Agency,0,This section IS NOT on the NHS,0,No Special Jurisdiction,40,40,39.65402778,39.65402778,-94.80305833,-94.80305833,12,Motor Vehicle In-Transport,2,Front-to-Front,0,No,1,Non-Junction,1,Not an Intersection,1,On Roadway,0,None,1,Daylight,1,Clear,0,No,0000000,Not Applicable,99,Unknown,99,Unknown,99,Unknown EMS Scene Arrival Hour,99,Unknown EMS Scene Arrival Minutes,99,Unknown,99,Unknown EMS Hospital Arrival Time,2
29,Missouri,290486,0,0,2,2,0,4,4,183,ST. CHARLES (183),7100,ST. PETERS,4,April,25,25,2,Monday,2022,21,9:00pm-9:59pm,29,29,VETERANS MEMORIAL PKWY,NA,6,Local Street - Municipality,2,Urban,5,Major Collector,1,State Highway Agency,0,This section IS NOT on the NHS,0,No Special Jurisdiction,0,None,38.79813889,38.79813889,-90.60075,-90.60075,12,Motor Vehicle In-Transport,2,Front-to-Front,0,No,1,Non-Junction,1,Not an Intersection,1,On Roadway,0,None,3,Dark - Lighted,10,Cloudy,0,No,0000000,Not Applicable,21,9:00pm-9:59pm,35,35,21,9:00pm-9:59pm,39,39,22,10:00pm-10:59pm,16,16,1
29,Missouri,290487,1,1,1,1,0,1,1,95,JACKSON (95),3280,GRANDVIEW,6,June,8,8,4,Wednesday,2022,9,9:00am-9:59am,8,8,BLUE RIDGE BLVD,NA,6,Local Street - Municipality,2,Urban,4,Minor Arterial,1,State Highway Agency,0,This section IS NOT on the NHS,0,No Special Jurisdiction,90,90,38.90408333,38.90408333,-94.52969444,-94.52969444,8,Pedestrian,0,The First Harmful Event was Not a Collision with a Motor Vehicle in Transport,0,No,1,Non-Junction,1,Not an Intersection,4,On Roadside,0,None,1,Daylight,1,Clear,0,No,0000000,Not Applicable,99,Unknown,98,Unknown if Notified,99,Unknown EMS Scene Arrival Hour,98,Unknown if Arrived,88,Not Applicable (Not Transported),88,Not Applicable (Not Transported),1
29,Missouri,290488,0,0,1,1,0,1,1,101,JOHNSON (101),0,NOT APPLICABLE,6,June,17,17,6,Friday,2022,6,6:00am-6:59am,8,8,SR-13,NA,3,State Highway,1,Rural,3,Principal Arterial - Other,1,State Highway Agency,0,This section IS NOT on the NHS,0,No Special Jurisdiction,200,200,38.57402778,38.57402778,-93.75091667,-93.75091667,18,Other Object (not fixed),0,The First Harmful Event was Not a Collision with a Motor Vehicle in Transport,0,No,1,Non-Junction,1,Not an Intersection,4,On Roadside,0,None,1,Daylight,1,Clear,0,No,0000000,Not Applicable,99,Unknown,98,Unknown if Notified,99,Unknown EMS Scene Arrival Hour,98,Unknown if Arrived,88,Not Applicable (Not Transported),88,Not Applicable (Not Transported),1
29,Missouri,290489,0,0,2,2,0,2,2,101,JOHNSON (101),0,NOT APPLICABLE,6,June,18,18,7,Saturday,2022,16,4:00pm-4:59pm,37,37,SR-W,NA,3,State Highway,1,Rural,5,Major Collector,1,State Highway Agency,0,This section IS NOT on the NHS,0,No Special Jurisdiction,20,20,38.83544444,38.83544444,-94.05772222,-94.05772222,12,Motor Vehicle In-Transport,2,Front-to-Front,0,No,8,Driveway Access Related,1,Not an Intersection,1,On Roadway,0,None,1,Daylight,1,Clear,0,No,0000000,Not Applicable,16,4:00pm-4:59pm,42,42,17,5:00pm-5:59pm,9,9,17,5:00pm-5:59pm,45,45,1
29,Missouri,290490,0,0,2,2,0,2,2,189,ST LOUIS (189),6290,PINE LAWN,6,June,26,26,1,Sunday,2022,21,9:00pm-9:59pm,43,43,JENNINGS STATION RD,NA,6,Local Street - Municipality,2,Urban,4,Minor Arterial,2,County Highway Agency,0,This section IS NOT on the NHS,0,No Special Jurisdiction,40,40,38.69794444,38.69794444,-90.27255556,-90.27255556,12,Motor Vehicle In-Transport,6,Angle,0,No,8,Driveway Access Related,1,Not an Intersection,1,On Roadway,0,None,3,Dark - Lighted,1,Clear,0,No,0000000,Not Applicable,21,9:00pm-9:59pm,46,46,21,9:00pm-9:59pm,54,54,22,10:00pm-10:59pm,12,12,1
29,Missouri,290491,0,0,1,1,0,4,4,189,ST LOUIS (189),2780,FLORISSANT,6,June,27,27,2,Monday,2022,1,1:00am-1:59am,35,35,CR-NEW FLORISSANT RD,NA,4,County Road,2,Urban,4,Minor Arterial,2,County Highway Agency,0,This section IS NOT on the NHS,0,No Special Jurisdiction,0,None,38.78653889,38.78653889,-90.32448333,-90.32448333,42,Tree (Standing Only),0,The First Harmful Event was Not a Collision with a Motor Vehicle in Transport,0,No,1,Non-Junction,1,Not an Intersection,4,On Roadside,0,None,3,Dark - Lighted,1,Clear,0,No,0000000,Not Applicable,1,1:00am-1:59am,47,47,1,1:00am-1:59am,51,51,2,2:00am-2:59am,34,34,3
29,Missouri,290492,0,0,1,1,0,1,1,77,GREENE (77),7460,SPRINGFIELD,7,July,7,7,5,Thursday,2022,23,11:00pm-11:59pm,22,22,KEARNEY ST,SR-744 RAMP,6,Local Street - Municipality,2,Urban,3,Principal Arterial - Other,1,State Highway Agency,1,This section IS ON the NHS,0,No Special Jurisdiction,90,90,37.23882778,37.23882778,-93.22394722,-93.22394722,46,Traffic Signal Support,0,The First Harmful Event was Not a Collision with a Motor Vehicle in Transport,1,Yes,3,Intersection-Related,2,Four-Way Intersection,3,On Median,0,None,3,Dark - Lighted,1,Clear,0,No,0000000,Not Applicable,23,11:00pm-11:59pm,24,24,23,11:00pm-11:59pm,34,34,23,11:00pm-11:59pm,55,55,1
29,Missouri,290493,0,0,1,1,0,3,3,145,NEWTON (145),4100,JOPLIN,7,July,16,16,7,Saturday,2022,2,2:00am-2:59am,0,0,CR-RIVERSIDE DR,NA,4,County Road,2,Urban,7,Local,2,County Highway Agency,0,This section IS NOT on the NHS,0,No Special Jurisdiction,10,10,37.03670556,37.03670556,-94.54099722,-94.54099722,1,Rollover/Overturn,0,The First Harmful Event was Not a Collision with a Motor Vehicle in Transport,0,No,1,Non-Junction,1,Not an Intersection,4,On Roadside,0,None,2,Dark - Not Lighted,10,Cloudy,0,No,0000000,Not Applicable,99,Unknown,99,Unknown,99,Unknown EMS Scene Arrival Hour,99,Unknown EMS Scene Arrival Minutes,99,Unknown,99,Unknown EMS Hospital Arrival Time,1
29,Missouri,290494,0,0,1,1,0,1,1,161,PHELPS (161),0,NOT APPLICABLE,7,July,16,16,7,Saturday,2022,22,10:00pm-10:59pm,40,40,I-44,NA,1,Interstate,1,Rural,1,Interstate,1,State Highway Agency,1,This section IS ON the NHS,0,No Special Jurisdiction,60,60,37.93383333,37.93383333,-91.95988889,-91.95988889,35,Embankment,0,The First Harmful Event was Not a Collision with a Motor Vehicle in Transport,0,No,1,Non-Junction,1,Not an Intersection,4,On Roadside,0,None,2,Dark - Not Lighted,10,Cloudy,0,No,0000000,Not Applicable,22,10:00pm-10:59pm,41,41,22,10:00pm-10:59pm,55,55,23,11:00pm-11:59pm,24,24,1
29,Missouri,290495,0,0,2,2,0,2,2,510,ST. LOUIS (CITY) (510),7080,ST. LOUIS,7,July,17,17,1,Sunday,2022,14,2:00pm-2:59pm,45,45,BROADWAY,NA,6,Local Street - Municipality,2,Urban,4,Minor Arterial,4,City or Municipal Highway Agency,0,This section IS NOT on the NHS,0,No Special Jurisdiction,20,20,38.69966111,38.69966111,-90.22808889,-90.22808889,12,Motor Vehicle In-Transport,2,Front-to-Front,0,No,1,Non-Junction,1,Not an Intersection,1,On Roadway,0,None,1,Daylight,2,Rain,0,No,0000000,Not Applicable,14,2:00pm-2:59pm,47,47,15,3:00pm-3:59pm,1,1,15,3:00pm-3:59pm,35,35,1
29,Missouri,290496,73,73,1,1,0,1,1,41,CHARITON (41),0,NOT APPLICABLE,6,June,27,27,2,Monday,2022,12,12:00pm-12:59pm,42,42,CR-PORCHE PRAIRIE AVE,NA,4,County Road,1,Rural,7,Local,2,County Highway Agency,0,This section IS NOT on the NHS,0,No Special Jurisdiction,10,10,39.56052778,39.56052778,-93.18113889,-93.18113889,10,Railway Vehicle,0,The First Harmful Event was Not a Collision with a Motor Vehicle in Transport,0,No,6,Railway Grade Crossing,1,Not an Intersection,1,On Roadway,0,None,1,Daylight,1,Clear,0,No,005284Y,005284Y,99,Unknown,99,Unknown,99,Unknown EMS Scene Arrival Hour,99,Unknown EMS Scene Arrival Minutes,99,Unknown,99,Unknown EMS Hospital Arrival Time,4
29,Missouri,290497,0,0,2,2,0,4,4,187,ST FRANCOIS (187),2670,FARMINGTON,4,April,22,22,6,Friday,2022,20,8:00pm-8:59pm,40,40,SR-OO,CR-COFFMAN RD,3,State Highway,1,Rural,5,Major Collector,1,State Highway Agency,0,This section IS NOT on the NHS,0,No Special Jurisdiction,80,80,37.69972222,37.69972222,-90.30230556,-90.30230556,12,Motor Vehicle In-Transport,6,Angle,0,No,2,Intersection,2,Four-Way Intersection,1,On Roadway,0,None,2,Dark - Not Lighted,1,Clear,0,No,0000000,Not Applicable,99,Unknown,99,Unknown,99,Unknown EMS Scene Arrival Hour,99,Unknown EMS Scene Arrival Minutes,99,Unknown,99,Unknown EMS Hospital Arrival Time,1
29,Missouri,290498,0,0,2,2,0,2,2,99,JEFFERSON (99),0,NOT APPLICABLE,4,April,28,28,5,Thursday,2022,14,2:00pm-2:59pm,33,33,SR-30,WINDCREST DR,3,State Highway,2,Urban,3,Principal Arterial - Other,1,State Highway Agency,1,This section IS ON the NHS,0,No Special Jurisdiction,120,120,38.38760833,38.38760833,-90.60217222,-90.60217222,12,Motor Vehicle In-Transport,6,Angle,0,No,2,Intersection,2,Four-Way Intersection,1,On Roadway,0,None,1,Daylight,1,Clear,0,No,0000000,Not Applicable,14,2:00pm-2:59pm,35,35,14,2:00pm-2:59pm,40,40,15,3:00pm-3:59pm,8,8,1
29,Missouri,290499,0,0,1,1,0,1,1,189,ST LOUIS (189),5035,MARYLAND HEIGHTS,6,June,5,5,1,Sunday,2022,17,5:00pm-5:59pm,34,34,SR-364,NA,3,State Highway,2,Urban,2,Principal Arterial - Other Freeways and Expressways,1,State Highway Agency,1,This section IS ON the NHS,0,No Special Jurisdiction,20,20,38.70636111,38.70636111,-90.48366667,-90.48366667,1,Rollover/Overturn,0,The First Harmful Event was Not a Collision with a Motor Vehicle in Transport,0,No,1,Non-Junction,1,Not an Intersection,1,On Roadway,0,None,1,Daylight,1,Clear,0,No,0000000,Not Applicable,17,5:00pm-5:59pm,35,35,17,5:00pm-5:59pm,44,44,18,6:00pm-6:59pm,21,21,1