STATE,STATENAME,ST_CASE,PEDS,PERNOTMVIT,VE_TOTAL,VE_FORMS,PVH_INVL,PERSONS,PERMVIT,COUNTY,COUNTYNAME,CITY,CITYNAME,MONTH,MONTHNAME,DAY,DAYNAME,DAY_WEEK,DAY_WEEKNAME,YEAR,HOUR,HOURNAME,MINUTE,MINUTENAME,TWAY_ID,TWAY_ID2,ROUTE,ROUTENAME,RUR_URB,RUR_URBNAME,FUNC_SYS,FUNC_SYSNAME,RD_OWNER,RD_OWNERNAME,NHS,NHSNAME,SP_JUR,SP_JURNAME,MILEPT,MILEPTNAME,LATITUDE,LATITUDENAME,LONGITUD,LONGITUDNAME,HARM_EV,HARM_EVNAME,MAN_COLL,MAN_COLLNAME,RELJCT1,RELJCT1NAME,RELJCT2,RELJCT2NAME,TYP_INT,TYP_INTNAME,REL_ROAD,REL_ROADNAME,WRK_ZONE,WRK_ZONENAME,LGT_COND,LGT_CONDNAME,WEATHER,WEATHERNAME,SCH_BUS,SCH_BUSNAME,RAIL,RAILNAME,NOT_HOUR,NOT_HOURNAME,NOT_MIN,NOT_MINNAME,ARR_HOUR,ARR_HOURNAME,ARR_MIN,ARR_MINNAME,HOSP_HR,HOSP_HRNAME,HOSP_MN,HOSP_MNNAME,FATALS
29,Missouri,290581,0,0,1,1,0,2,2,209,STONE (209),0,NOT APPLICABLE,8,August,27,27,7,Saturday,2022,8,8:00am-8:59am,40,40,SR-413,NA,3,State Highway,1,Rural,4,Minor Arterial,1,State Highway Agency,0,This section IS NOT on the NHS,0,No Special Jurisdiction,140,140,36.77734167,36.77734167,-93.42388056,-93.42388056,59,Traffic Sign Support,0,The First Harmful Event was Not a Collision with a Motor Vehicle in Transport,0,No,1,Non-Junction,1,Not an Intersection,4,On Roadside,0,None,1,Daylight,1,Clear,0,No,0000000,Not Applicable,99,Unknown,98,Unknown if Notified,99,Unknown EMS Scene Arrival Hour,98,Unknown if Arrived,88,Not Applicable (Not Transported),88,Not Applicable (Not Transported),2
29,Missouri,290582,1,1,1,1,0,1,1,510,ST. LOUIS (CITY) (510),7080,ST. LOUIS,8,August,27,27,7,Saturday,2022,0,0:00am-0:59am,11,11,DR MARTING LUTHER KING DR,NA,6,Local Street - Municipality,2,Urban,4,Minor Arterial,4,City or Municipal Highway Agency,0,This section IS NOT on the NHS,0,No Special Jurisdiction,10,10,38.664725,38.664725,-90.26574722,-90.26574722,19,Building,0,The First Harmful Event was Not a Collision with a Motor Vehicle in Transport,0,No,1,Non-Junction,1,Not an Intersection,5,Outside Trafficway,0,None,3,Dark - Lighted,1,Clear,0,No,0000000,Not Applicable,0,0:00am-0:59am,16,16,0,0:00am-0:59am,21,21,0,0:00am-0:59am,35,35,1
29,Missouri,290583,1,1,1,1,0,1,1,95,JACKSON (95),4120,KANSAS CITY,8,August,27,27,7,Saturday,2022,6,6:00am-6:59am,17,17,VIEW HIGH DR,NA,6,Local Street - Municipality,2,Urban,4,Minor Arterial,4,City or Municipal Highway Agency,0,This section IS NOT on the NHS,0,No Special Jurisdiction,30,30,38.91518056,38.91518056,-94.45096667,-94.45096667,9,Pedalcyclist,0,The First Harmful Event was Not a Collision with a Motor Vehicle in Transport,0,No,1,Non-Junction,1,Not an Intersection,1,On Roadway,0,None,2,Dark - Not Lighted,1,Clear,0,No,0000000,Not Applicable,99,Unknown,99,Unknown,99,Unknown EMS Scene Arrival Hour,99,Unknown EMS Scene Arrival Minutes,88,Not Applicable (Not Transported),88,Not Applicable (Not Transported),1
29,Missouri,290584,0,0,1,1,0,1,1,3,ANDREW (3),0,NOT APPLICABLE,8,August,28,28,1,Sunday,2022,99,Unknown Hours,99,Unknown Minutes,US-169,NA,2,US Highway,1,Rural,4,Minor Arterial,1,State Highway Agency,0,This section IS NOT on the NHS,0,No Special Jurisdiction,100,100,39.89172222,39.89172222,-94.71866667,-94.71866667,34,Ditch,0,The First Harmful Event was Not a Collision with a Motor Vehicle in Transport,0,No,1,Non-Junction,1,Not an Intersection,4,On Roadside,0,None,9,Reported as Unknown,99,Reported as Unknown,0,No,0000000,Not Applicable,99,Unknown,98,Unknown if Notified,99,Unknown EMS Scene Arrival Hour,98,Unknown if Arrived,88,Not Applicable (Not Transported),88,Not Applicable (Not Transported),1
29,Missouri,290585,0,0,1,1,0,2,2,21,BUCHANAN (21),7070,ST. JOSEPH,8,August,28,28,1,Sunday,2022,1,1:00am-1:59am,1,1,WOODBINE RD,NA,6,Local Street - Municipality,2,Urban,5,Major Collector,4,City or Municipal Highway Agency,0,This section IS NOT on the NHS,0,No Special Jurisdiction,20,20,39.76158889,39.76158889,-94.79672222,-94.79672222,33,Curb,0,The First Harmful Event was Not a Collision with a Motor Vehicle in Transport,0,No,1,Non-Junction,1,Not an Intersection,4,On Roadside,0,None,3,Dark - Lighted,10,Cloudy,0,No,0000000,Not Applicable,1,1:00am-1:59am,11,11,1,1:00am-1:59am,15,15,1,1:00am-1:59am,28,28,1
29,Missouri,290586,0,0,2,2,0,4,4,21,BUCHANAN (21),7070,ST. JOSEPH,8,August,28,28,1,Sunday,2022,13,1:00pm-1:59pm,49,49,FREDERICK AVE,10TH ST,6,Local Street - Municipality,2,Urban,7,Local,4,City or Municipal Highway Agency,0,This section IS NOT on the NHS,0,No Special Jurisdiction,0,None,39.7682,39.7682,-94.84813333,-94.84813333,1,Rollover/Overturn,0,The First Harmful Event was Not a Collision with a Motor Vehicle in Transport,0,No,2,Intersection,2,Four-Way Intersection,1,On Roadway,0,None,1,Daylight,1,Clear,0,No,0000000,Not Applicable,13,1:00pm-1:59pm,49,49,13,1:00pm-1:59pm,53,53,14,2:00pm-2:59pm,7,7,2
29,Missouri,290587,1,1,2,2,0,2,2,95,JACKSON (95),4120,KANSAS CITY,8,August,28,28,1,Sunday,2022,5,5:00am-5:59am,53,53,US-71,NA,2,US Highway,2,Urban,2,Principal Arterial - Other Freeways and Expressways,1,State Highway Agency,1,This section IS ON the NHS,0,No Special Jurisdiction,50,50,39.05071667,39.05071667,-94.56173611,-94.56173611,8,Pedestrian,0,The First Harmful Event was Not a Collision with a Motor Vehicle in Transport,0,No,1,Non-Junction,1,Not an Intersection,1,On Roadway,0,None,3,Dark - Lighted,2,Rain,0,No,0000000,Not Applicable,99,Unknown,99,Unknown,99,Unknown EMS Scene Arrival Hour,99,Unknown EMS Scene Arrival Minutes,88,Not Applicable (Not Transported),88,Not Applicable (Not Transported),1
29,Missouri,290588,0,0,1,1,0,1,1,75,GENTRY (75),0,NOT APPLICABLE,8,August,29,29,2,Monday,2022,13,1:00pm-1:59pm,45,45,US-136,NA,2,US Highway,1,Rural,3,Principal Arterial - Other,1,State Highway Agency,1,This section IS ON the NHS,0,No Special Jurisdiction,120,120,40.241,40.241,-94.43005556,-94.43005556,1,Rollover/Overturn,0,The First Harmful Event was Not a Collision with a Motor Vehicle in Transport,0,No,1,Non-Junction,1,Not an Intersection,4,On Roadside,0,None,1,Daylight,10,Cloudy,0,No,0000000,Not Applicable,99,Unknown,98,Unknown if Notified,99,Unknown EMS Scene Arrival Hour,98,Unknown if Arrived,88,Not Applicable (Not Transported),88,Not Applicable (Not Transported),1
29,Missouri,290589,0,0,4,4,0,6,6,189,ST LOUIS (189),2700,FERGUSON,6,June,7,7,3,Tuesday,2022,21,9:00pm-9:59pm,50,50,CHAMBERS RD,HEREFORD AVE,6,Local Street - Municipality,2,Urban,3,Principal Arterial - Other,2,County Highway Agency,1,This section IS ON the NHS,0,No Special Jurisdiction,0,None,38.74925,38.74925,-90.29952778,-90.29952778,12,Motor Vehicle In-Transport,6,Angle,0,No,2,Intersection,2,Four-Way Intersection,1,On Roadway,0,None,3,Dark - Lighted,1,Clear,0,No,0000000,Not Applicable,21,9:00pm-9:59pm,56,56,22,10:00pm-10:59pm,1,1,22,10:00pm-10:59pm,36,36,1
29,Missouri,290590,0,0,5,3,2,6,6,209,STONE (209),0,NOT APPLICABLE,8,August,27,27,7,Saturday,2022,22,10:00pm-10:59pm,0,0,SR-N,NA,3,State Highway,1,Rural,5,Major Collector,1,State Highway Agency,0,This section IS NOT on the NHS,0,No Special Jurisdiction,10,10,36.9845,36.9845,-93.42,-93.42,12,Motor Vehicle In-Transport,6,Angle,0,No,1,Non-Junction,1,Not an Intersection,1,On Roadway,0,None,2,Dark - Not Lighted,1,Clear,0,No,0000000,Not Applicable,22,10:00pm-10:59pm,11,11,22,10:00pm-10:59pm,40,40,23,11:00pm-11:59pm,29,29,2
29,Missouri,290591,0,0,1,1,0,1,1,183,ST. CHARLES (183),8286,WEST ALTON,8,August,29,29,2,Monday,2022,16,4:00pm-4:59pm,11,11,DWIGGINS RD,NA,6,Local Street - Municipality,1,Rural,98,Not Reported,2,County Highway Agency,0,This section IS NOT on the NHS,0,No Special Jurisdiction,0,None,38.89269444,38.89269444,-90.26411111,-90.26411111,10,Railway Vehicle,0,The First Harmful Event was Not a Collision with a Motor Vehicle in Transport,0,No,6,Railway Grade Crossing,1,Not an Intersection,1,On Roadway,0,None,1,Daylight,1,Clear,0,No,072850M,072850M,99,Unknown,98,Unknown if Notified,99,Unknown EMS Scene Arrival Hour,98,Unknown if Arrived,88,Not Applicable (Not Transported),88,Not Applicable (Not Transported),1
29,Missouri,290592,1,1,1,1,0,1,1,189,ST LOUIS (189),5035,MARYLAND HEIGHTS,8,August,30,30,3,Tuesday,2022,18,6:00pm-6:59pm,26,26,SR-364,NA,3,State Highway,1,Rural,2,Principal Arterial - Other Freeways and Expressways,1,State Highway Agency,1,This section IS ON the NHS,0,No Special Jurisdiction,30,30,38.70661111,38.70661111,-90.49661111,-90.49661111,8,Pedestrian,0,The First Harmful Event was Not a Collision with a Motor Vehicle in Transport,0,No,1,Non-Junction,1,Not an Intersection,1,On Roadway,0,None,1,Daylight,1,Clear,0,No,0000000,Not Applicable,18,6:00pm-6:59pm,30,30,18,6:00pm-6:59pm,40,40,88,Not Applicable (Not Transported),88,Not Applicable (Not Transported),1
29,Missouri,290593,0,0,2,2,0,2,2,213,TANEY (213),0,NOT APPLICABLE,8,August,30,30,3,Tuesday,2022,11,11:00am-11:59am,47,47,SR-248,NA,3,State Highway,1,Rural,5,Major Collector,1,State Highway Agency,0,This section IS NOT on the NHS,0,No Special Jurisdiction,50,50,36.7075,36.7075,-93.2665,-93.2665,1,Rollover/Overturn,0,The First Harmful Event was Not a Collision with a Motor Vehicle in Transport,0,No,1,Non-Junction,1,Not an Intersection,1,On Roadway,0,None,1,Daylight,1,Clear,0,No,0000000,Not Applicable,99,Unknown,98,Unknown if Notified,99,Unknown EMS Scene Arrival Hour,98,Unknown if Arrived,88,Not Applicable (Not Transported),88,Not Applicable (Not Transported),1
29,Missouri,290594,0,0,1,1,0,1,1,163,PIKE (163),0,NOT APPLICABLE,8,August,30,30,3,Tuesday,2022,15,3:00pm-3:59pm,20,20,SR-M,NA,3,State Highway,1,Rural,5,Major Collector,1,State Highway Agency,0,This section IS NOT on the NHS,0,No Special Jurisdiction,40,40,39.28843611,39.28843611,-91.35070556,-91.35070556,1,Rollover/Overturn,0,The First Harmful Event was Not a Collision with a Motor Vehicle in Transport,0,No,1,Non-Junction,1,Not an Intersection,4,On Roadside,0,None,1,Daylight,1,Clear,0,No,0000000,Not Applicable,99,Unknown,98,Unknown if Notified,99,Unknown EMS Scene Arrival Hour,98,Unknown if Arrived,88,Not Applicable (Not Transported),88,Not Applicable (Not Transported),1
29,Missouri,290596,0,0,2,2,0,2,2,95,JACKSON (95),0,NOT APPLICABLE,8,August,31,31,4,Wednesday,2022,7,7:00am-7:59am,55,55,US-50,CR-ALLEY JACKSON RD,2,US Highway,2,Urban,3,Principal Arterial - Other,1,State Highway Agency,1,This section IS ON the NHS,0,No Special Jurisdiction,70,70,38.88611111,38.88611111,-94.23275,-94.23275,12,Motor Vehicle In-Transport,1,Front-to-Rear,0,No,2,Intersection,2,Four-Way Intersection,1,On Roadway,0,None,1,Daylight,1,Clear,0,No,0000000,Not Applicable,7,7:00am-7:59am,56,56,8,8:00am-8:59am,3,3,88,Not Applicable (Not Transported),88,Not Applicable (Not Transported),1
29,Missouri,290597,0,0,1,1,0,1,1,209,STONE (209),0,NOT APPLICABLE,8,August,31,31,4,Wednesday,2022,12,12:00pm-12:59pm,10,10,SR-OO,NA,3,State Highway,1,Rural,5,Major Collector,1,State Highway Agency,0,This section IS NOT on the NHS,0,No Special Jurisdiction,10,10,36.67445833,36.67445833,-93.44807222,-93.44807222,1,Rollover/Overturn,0,The First Harmful Event was Not a Collision with a Motor Vehicle in Transport,0,No,1,Non-Junction,1,Not an Intersection,4,On Roadside,0,None,1,Daylight,1,Clear,0,No,0000000,Not Applicable,99,Unknown,98,Unknown if Notified,99,Unknown EMS Scene Arrival Hour,98,Unknown if Arrived,88,Not Applicable (Not Transported),88,Not Applicable (Not Transported),1
29,Missouri,290598,0,0,1,1,0,1,1,99,JEFFERSON (99),0,NOT APPLICABLE,8,August,31,31,4,Wednesday,2022,12,12:00pm-12:59pm,43,43,SR-21,NA,3,State Highway,1,Rural,3,Principal Arterial - Other,1,State Highway Agency,0,This section IS NOT on the NHS,0,No Special Jurisdiction,330,330,38.08282222,38.08282222,-90.64052778,-90.64052778,42,Tree (Standing Only),0,The First Harmful Event was Not a Collision with a Motor Vehicle in Transport,0,No,1,Non-Junction,1,Not an Intersection,4,On Roadside,0,None,1,Daylight,1,Clear,0,No,0000000,Not Applicable,99,Unknown,98,Unknown if Notified,99,Unknown EMS Scene Arrival Hour,98,Unknown if Arrived,88,Not Applicable (Not Transported),88,Not Applicable (Not Transported),1
29,Missouri,290599,0,0,2,2,0,2,2,95,JACKSON (95),3940,INDEPENDENCE,8,August,20,20,7,Saturday,2022,18,6:00pm-6:59pm,59,59,LITTLE BLUE PKWY,NA,6,Local Street - Municipality,2,Urban,3,Principal Arterial - Other,4,City or Municipal Highway Agency,0,This section IS NOT on the NHS,0,No Special Jurisdiction,0,None,39.13041944,39.13041944,-94.33184444,-94.33184444,12,Motor Vehicle In-Transport,2,Front-to-Front,0,No,1,Non-Junction,1,Not an Intersection,1,On Roadway,0,None,1,Daylight,1,Clear,0,No,0000000,Not Applicable,18,6:00pm-6:59pm,23,23,18,6:00pm-6:59pm,31,31,18,6:00pm-6:59pm,55,55,1
29,Missouri,290600,0,0,1,1,0,5,5,29,CAMDEN (29),0,NOT APPLICABLE,8,August,26,26,6,Friday,2022,18,6:00pm-6:59pm,0,0,CR-AVALON WAY,NA,4,County Road,1,Rural,98,Not Reported,2,County Highway Agency,0,This section IS NOT on the NHS,0,No Special Jurisdiction,20,20,38.18941667,38.18941667,-92.91641667,-92.91641667,1,Rollover/Overturn,0,The First Harmful Event was Not a Collision with a Motor Vehicle in Transport,0,No,1,Non-Junction,1,Not an Intersection,4,On Roadside,0,None,1,Daylight,1,Clear,0,No,0000000,Not Applicable,18,6:00pm-6:59pm,3,3,18,6:00pm-6:59pm,24,24,99,Unknown,99,Unknown EMS Hospital Arrival Time,2
29,Missouri,290601,0,0,2,2,0,3,3,77,GREENE (77),7460,SPRINGFIELD,8,August,31,31,4,Wednesday,2022,15,3:00pm-3:59pm,24,24,CHESTNUT EXPY,PARK AVE,6,Local Street - Municipality,2,Urban,3,Principal Arterial - Other,1,State Highway Agency,1,This section IS ON the NHS,0,No Special Jurisdiction,60,60,37.21446389,37.21446389,-93.32124722,-93.32124722,12,Motor Vehicle In-Transport,6,Angle,0,No,2,Intersection,2,Four-Way Intersection,1,On Roadway,0,None,1,Daylight,1,Clear,0,No,0000000,Not Applicable,15,3:00pm-3:59pm,24,24,15,3:00pm-3:59pm,33,33,15,3:00pm-3:59pm,50,50,1
29,Missouri,290602,0,0,2,2,0,2,2,117,LIVINGSTON (117),0,NOT APPLICABLE,9,September,1,1,5,Thursday,2022,22,10:00pm-10:59pm,20,20,US-36,NA,2,US Highway,1,Rural,2,Principal Arterial - Other Freeways and Expressways,1,State Highway Agency,1,This section IS ON the NHS,0,No Special Jurisdiction,160,160,39.74030556,39.74030556,-93.64291667,-93.64291667,12,Motor Vehicle In-Transport,2,Front-to-Front,0,No,1,Non-Junction,1,Not an Intersection,1,On Roadway,0,None,2,Dark - Not Lighted,1,Clear,0,No,0000000,Not Applicable,22,10:00pm-10:59pm,25,25,22,10:00pm-10:59pm,31,31,88,Not Applicable (Not Transported),88,Not Applicable (Not Transported),1
29,Missouri,290603,1,1,1,1,0,1,1,95,JACKSON (95),3940,INDEPENDENCE,9,September,1,1,5,Thursday,2022,21,9:00pm-9:59pm,32,32,SR-291,NA,3,State Highway,2,Urban,2,Principal Arterial - Other Freeways and Expressways,1,State Highway Agency,1,This section IS ON the NHS,0,No Special Jurisdiction,60,60,39.11873056,39.11873056,-94.38564722,-94.38564722,8,Pedestrian,0,The First Harmful Event was Not a Collision with a Motor Vehicle in Transport,1,Yes,18,Through Roadway,1,Not an Intersection,1,On Roadway,0,None,2,Dark - Not Lighted,1,Clear,0,No,0000000,Not Applicable,99,Unknown,98,Unknown if Notified,99,Unknown EMS Scene Arrival Hour,98,Unknown if Arrived,88,Not Applicable (Not Transported),88,Not Applicable (Not Transported),1
29,Missouri,290604,0,0,1,1,0,1,1,99,JEFFERSON (99),0,NOT APPLICABLE,9,September,1,1,5,Thursday,2022,10,10:00am-10:59am,45,45,SR-H,NA,3,State Highway,1,Rural,5,Major Collector,1,State Highway Agency,0,This section IS NOT on the NHS,0,No Special Jurisdiction,60,60,38.13769444,38.13769444,-90.64361111,-90.64361111,43,Other Fixed Object,0,The First Harmful Event was Not a Collision with a Motor Vehicle in Transport,0,No,1,Non-Junction,1,Not an Intersection,4,On Roadside,0,None,1,Daylight,1,Clear,0,No,0000000,Not Applicable,10,10:00am-10:59am,49,49,11,11:00am-11:59am,18,18,11,11:00am-11:59am,45,45,1
29,Missouri,290605,0,0,2,2,0,2,2,141,MORGAN (141),0,NOT APPLICABLE,9,September,2,2,6,Friday,2022,20,8:00pm-8:59pm,25,25,SR-5,NA,3,State Highway,1,Rural,3,Principal Arterial - Other,1,State Highway Agency,1,This section IS ON the NHS,0,No Special Jurisdiction,140,140,38.40241667,38.40241667,-92.85202778,-92.85202778,12,Motor Vehicle In-Transport,2,Front-to-Front,0,No,1,Non-Junction,1,Not an Intersection,1,On Roadway,0,None,2,Dark - Not Lighted,1,Clear,0,No,0000000,Not Applicable,21,9:00pm-9:59pm,28,28,21,9:00pm-9:59pm,35,35,22,10:00pm-10:59pm,24,24,1
29,Missouri,290606,0,0,1,1,0,3,3,141,MORGAN (141),0,NOT APPLICABLE,9,September,3,3,7,Saturday,2022,14,2:00pm-2:59pm,57,57,SR-W,NA,3,State Highway,1,Rural,5,Major Collector,1,State Highway Agency,0,This section IS NOT on the NHS,0,No Special Jurisdiction,50,50,38.39026111,38.39026111,-92.79642222,-92.79642222,59,Traffic Sign Support,0,The First Harmful Event was Not a Collision with a Motor Vehicle in Transport,0,No,1,Non-Junction,1,Not an Intersection,4,On Roadside,0,None,1,Daylight,1,Clear,0,No,0000000,Not Applicable,16,4:00pm-4:59pm,0,0,16,4:00pm-4:59pm,16,16,88,Not Applicable (Not Transported),88,Not Applicable (Not Transported),1
29,Missouri,290607,0,0,1,1,0,4,4,77,GREENE (77),7460,SPRINGFIELD,9,September,3,3,7,Saturday,2022,20,8:00pm-8:59pm,3,3,GRANT AVE,NA,6,Local Street - Municipality,2,Urban,4,Minor Arterial,4,City or Municipal Highway Agency,0,This section IS NOT on the NHS,0,No Special Jurisdiction,50,50,37.19000833,37.19000833,-93.3002,-93.3002,30,Utility Pole/Light Support,0,The First Harmful Event was Not a Collision with a Motor Vehicle in Transport,0,No,1,Non-Junction,1,Not an Intersection,4,On Roadside,0,None,3,Dark - Lighted,1,Clear,0,No,0000000,Not Applicable,20,8:00pm-8:59pm,5,5,20,8:00pm-8:59pm,12,12,20,8:00pm-8:59pm,25,25,1
29,Missouri,290608,0,0,1,1,0,1,1,23,BUTLER (23),0,NOT APPLICABLE,9,September,3,3,7,Saturday,2022,7,7:00am-7:59am,0,0,SR-51,NA,3,State Highway,1,Rural,5,Major Collector,1,State Highway Agency,0,This section IS NOT on the NHS,0,No Special Jurisdiction,100,100,36.66544444,36.66544444,-90.24222778,-90.24222778,32,Culvert,0,The First Harmful Event was Not a Collision with a Motor Vehicle in Transport,0,No,1,Non-Junction,1,Not an Intersection,4,On Roadside,0,None,1,Daylight,2,Rain,0,No,0000000,Not Applicable,7,7:00am-7:59am,1,1,7,7:00am-7:59am,21,21,88,Not Applicable (Not Transported),88,Not Applicable (Not Transported),1
29,Missouri,290609,1,1,1,1,0,2,2,95,JACKSON (95),4120,KANSAS CITY,9,September,4,4,1,Sunday,2022,1,1:00am-1:59am,0,0,I-435,NA,1,Interstate,2,Urban,1,Interstate,1,State Highway Agency,1,This section IS ON the NHS,0,No Special Jurisdiction,80,80,38.98730833,38.98730833,-94.50197778,-94.50197778,8,Pedestrian,0,The First Harmful Event was Not a Collision with a Motor Vehicle in Transport,0,No,1,Non-Junction,1,Not an Intersection,1,On Roadway,0,None,2,Dark - Not Lighted,1,Clear,0,No,0000000,Not Applicable,99,Unknown,98,Unknown if Notified,99,Unknown EMS Scene Arrival Hour,98,Unknown if Arrived,88,Not Applicable (Not Transported),88,Not Applicable (Not Transported),1
29,Missouri,290610,0,0,1,1,0,1,1,35,CARTER (35),0,NOT APPLICABLE,9,September,5,5,2,Monday,2022,16,4:00pm-4:59pm,30,30,US-60,NA,2,US Highway,1,Rural,2,Principal Arterial - Other Freeways and Expressways,1,State Highway Agency,1,This section IS ON the NHS,0,No Special Jurisdiction,280,280,36.97622222,36.97622222,-91.03925,-91.03925,1,Rollover/Overturn,0,The First Harmful Event was Not a Collision with a Motor Vehicle in Transport,0,No,1,Non-Junction,1,Not an Intersection,3,On Median,0,None,1,Daylight,1,Clear,0,No,0000000,Not Applicable,16,4:00pm-4:59pm,35,35,16,4:00pm-4:59pm,43,43,88,Not Applicable (Not Transported),88,Not Applicable (Not Transported),1
29,Missouri,290612,1,1,4,2,2,3,3,510,ST. LOUIS (CITY) (510),7080,ST. LOUIS,9,September,6,6,3,Tuesday,2022,12,12:00pm-12:59pm,42,42,GRAND BLVD,NA,6,Local Street - Municipality,2,Urban,3,Principal Arterial - Other,4,City or Municipal Highway Agency,1,This section IS ON the NHS,0,No Special Jurisdiction,50,50,38.60564722,38.60564722,-90.24170278,-90.24170278,9,Pedalcyclist,0,The First Harmful Event was Not a Collision with a Motor Vehicle in Transport,0,No,1,Non-Junction,1,Not an Intersection,4,On Roadside,0,None,1,Daylight,10,Cloudy,0,No,0000000,Not Applicable,12,12:00pm-12:59pm,45,45,12,12:00pm-12:59pm,53,53,13,1:00pm-1:59pm,8,8,1
29,Missouri,290613,0,0,3,3,0,6,6,145,NEWTON (145),5580,NEOSHO,9,September,7,7,4,Wednesday,2022,19,7:00pm-7:59pm,34,34,NEOSHO BLVD,NA,6,Local Street - Municipality,2,Urban,3,Principal Arterial - Other,4,City or Municipal Highway Agency,1,This section IS ON the NHS,0,No Special Jurisdiction,10,10,36.85527778,36.85527778,-94.38419444,-94.38419444,12,Motor Vehicle In-Transport,6,Angle,0,No,8,Driveway Access Related,1,Not an Intersection,1,On Roadway,0,None,1,Daylight,1,Clear,0,No,0000000,Not Applicable,19,7:00pm-7:59pm,37,37,19,7:00pm-7:59pm,42,42,20,8:00pm-8:59pm,20,20,1
29,Missouri,290614,0,0,2,2,0,3,3,189,ST LOUIS (189),1970,CREVE COEUR,7,July,29,29,6,Friday,2022,14,2:00pm-2:59pm,21,21,SR-340,QUESTOVER LANE,3,State Highway,2,Urban,3,Principal Arterial - Other,1,State Highway Agency,1,This section IS ON the NHS,0,No Special Jurisdiction,110,110,38.67529167,38.67529167,-90.46211111,-90.46211111,12,Motor Vehicle In-Transport,6,Angle,0,No,2,Intersection,2,Four-Way Intersection,1,On Roadway,0,None,1,Daylight,1,Clear,0,No,0000000,Not Applicable,14,2:00pm-2:59pm,21,21,14,2:00pm-2:59pm,26,26,14,2:00pm-2:59pm,50,50,1
29,Missouri,290615,0,0,1,1,0,1,1,213,TANEY (213),980,BRANSON,8,August,16,16,3,Tuesday,2022,20,8:00pm-8:59pm,3,3,CR-FALL CREEK RD,NA,4,County Road,2,Urban,98,Not Reported,2,County Highway Agency,0,This section IS NOT on the NHS,0,No Special Jurisdiction,30,30,36.63588056,36.63588056,-93.250675,-93.250675,33,Curb,0,The First Harmful Event was Not a Collision with a Motor Vehicle in Transport,0,No,1,Non-Junction,1,Not an Intersection,4,On Roadside,0,None,3,Dark - Lighted,1,Clear,0,No,0000000,Not Applicable,20,8:00pm-8:59pm,5,5,20,8:00pm-8:59pm,10,10,21,9:00pm-9:59pm,0,0,1
29,Missouri,290616,0,0,1,1,0,2,2,205,SHELBY (205),0,NOT APPLICABLE,9,September,1,1,5,Thursday,2022,13,1:00pm-1:59pm,32,32,SR-H,NA,3,State Highway,1,Rural,5,Major Collector,1,State Highway Agency,0,This section IS NOT on the NHS,0,No Special Jurisdiction,40,40,39.84075,39.84075,-92.18002778,-92.18002778,1,Rollover/Overturn,0,The First Harmful Event was Not a Collision with a Motor Vehicle in Transport,0,No,1,Non-Junction,1,Not an Intersection,4,On Roadside,0,None,1,Daylight,1,Clear,0,No,0000000,Not Applicable,13,1:00pm-1:59pm,44,44,13,1:00pm-1:59pm,53,53,15,3:00pm-3:59pm,7,7,1
29,Missouri,290617,1,1,1,1,0,3,3,53,COOPER (53),0,NOT APPLICABLE,9,September,2,2,6,Friday,2022,5,5:00am-5:59am,30,30,I-70,NA,1,Interstate,1,Rural,1,Interstate,1,State Highway Agency,1,This section IS ON the NHS,0,No Special Jurisdiction,80,80,38.93444444,38.93444444,-92.91525,-92.91525,8,Pedestrian,0,The First Harmful Event was Not a Collision with a Motor Vehicle in Transport,0,No,1,Non-Junction,1,Not an Intersection,1,On Roadway,4,"Work Zone, Type Unknown",2,Dark - Not Lighted,10,Cloudy,0,No,0000000,Not Applicable,99,Unknown,98,Unknown if Notified,99,Unknown EMS Scene Arrival Hour,98,Unknown if Arrived,88,Not Applicable (Not Transported),88,Not Applicable (Not Transported),1
29,Missouri,290618,0,0,2,2,0,8,8,143,NEW MADRID (143),0,NOT APPLICABLE,9,September,2,2,6,Friday,2022,12,12:00pm-12:59pm,10,10,I-55,NA,1,Interstate,1,Rural,1,Interstate,1,State Highway Agency,1,This section IS ON the NHS,0,No Special Jurisdiction,70,70,36.49272222,36.49272222,-89.62286111,-89.62286111,12,Motor Vehicle In-Transport,1,Front-to-Rear,0,No,1,Non-Junction,1,Not an Intersection,1,On Roadway,0,None,1,Daylight,1,Clear,0,No,0000000,Not Applicable,12,12:00pm-12:59pm,29,29,12,12:00pm-12:59pm,59,59,13,1:00pm-1:59pm,55,55,2
29,Missouri,290619,0,0,2,2,0,3,3,143,NEW MADRID (143),0,NOT APPLICABLE,9,September,7,7,4,Wednesday,2022,19,7:00pm-7:59pm,45,45,US-61,RP 1076,2,US Highway,1,Rural,5,Major Collector,1,State Highway Agency,0,This section IS NOT on the NHS,0,No Special Jurisdiction,160,160,36.63516667,36.63516667,-89.54463889,-89.54463889,12,Motor Vehicle In-Transport,6,Angle,1,Yes,2,Intersection,2,Four-Way Intersection,1,On Roadway,0,None,3,Dark - Lighted,1,Clear,0,No,0000000,Not Applicable,19,7:00pm-7:59pm,56,56,20,8:00pm-8:59pm,12,12,21,9:00pm-9:59pm,22,22,1