STATE,STATENAME,ST_CASE,PEDS,PERNOTMVIT,VE_TOTAL,VE_FORMS,PVH_INVL,PERSONS,PERMVIT,COUNTY,COUNTYNAME,CITY,CITYNAME,MONTH,MONTHNAME,DAY,DAYNAME,DAY_WEEK,DAY_WEEKNAME,YEAR,HOUR,HOURNAME,MINUTE,MINUTENAME,TWAY_ID,TWAY_ID2,ROUTE,ROUTENAME,RUR_URB,RUR_URBNAME,FUNC_SYS,FUNC_SYSNAME,RD_OWNER,RD_OWNERNAME,NHS,NHSNAME,SP_JUR,SP_JURNAME,MILEPT,MILEPTNAME,LATITUDE,LATITUDENAME,LONGITUD,LONGITUDNAME,HARM_EV,HARM_EVNAME,MAN_COLL,MAN_COLLNAME,RELJCT1,RELJCT1NAME,RELJCT2,RELJCT2NAME,TYP_INT,TYP_INTNAME,REL_ROAD,REL_ROADNAME,WRK_ZONE,WRK_ZONENAME,LGT_COND,LGT_CONDNAME,WEATHER,WEATHERNAME,SCH_BUS,SCH_BUSNAME,RAIL,RAILNAME,NOT_HOUR,NOT_HOURNAME,NOT_MIN,NOT_MINNAME,ARR_HOUR,ARR_HOURNAME,ARR_MIN,ARR_MINNAME,HOSP_HR,HOSP_HRNAME,HOSP_MN,HOSP_MNNAME,FATALS
29,Missouri,290657,0,0,1,1,0,5,5,95,JACKSON (95),4120,KANSAS CITY,9,September,17,17,7,Saturday,2022,19,7:00pm-7:59pm,14,14,I-70 RAMP,NA,1,Interstate,2,Urban,1,Interstate,1,State Highway Agency,1,This section IS ON the NHS,0,No Special Jurisdiction,0,None,39.06930278,39.06930278,-94.51164444,-94.51164444,1,Rollover/Overturn,0,The First Harmful Event was Not a Collision with a Motor Vehicle in Transport,1,Yes,5,Entrance/Exit Ramp Related,1,Not an Intersection,4,On Roadside,0,None,3,Dark - Lighted,1,Clear,0,No,0000000,Not Applicable,99,Unknown,99,Unknown,99,Unknown EMS Scene Arrival Hour,99,Unknown EMS Scene Arrival Minutes,99,Unknown,99,Unknown EMS Hospital Arrival Time,1
29,Missouri,290658,0,0,2,2,0,4,4,31,CAPE GIRARDEAU (31),1390,CAPE GIRARDEAU,9,September,17,17,7,Saturday,2022,16,4:00pm-4:59pm,23,23,US-61,BESSIE ST,2,US Highway,2,Urban,3,Principal Arterial - Other,1,State Highway Agency,1,This section IS ON the NHS,0,No Special Jurisdiction,250,250,37.31061667,37.31061667,-89.55208889,-89.55208889,12,Motor Vehicle In-Transport,6,Angle,0,No,2,Intersection,3,T-Intersection,1,On Roadway,0,None,1,Daylight,1,Clear,0,No,0000000,Not Applicable,99,Unknown,99,Unknown,99,Unknown EMS Scene Arrival Hour,99,Unknown EMS Scene Arrival Minutes,99,Unknown,99,Unknown EMS Hospital Arrival Time,1
29,Missouri,290659,0,0,4,4,0,4,4,183,ST. CHARLES (183),4328,LAKE SAINT LOUIS,1,January,29,29,7,Saturday,2022,18,6:00pm-6:59pm,40,40,SR-N,NA,3,State Highway,2,Urban,4,Minor Arterial,1,State Highway Agency,0,This section IS NOT on the NHS,0,No Special Jurisdiction,90,90,38.76105556,38.76105556,-90.80441667,-90.80441667,12,Motor Vehicle In-Transport,8,Sideswipe - Opposite Direction,0,No,1,Non-Junction,1,Not an Intersection,1,On Roadway,0,None,2,Dark - Not Lighted,1,Clear,0,No,0000000,Not Applicable,18,6:00pm-6:59pm,39,39,18,6:00pm-6:59pm,49,49,99,Unknown,99,Unknown EMS Hospital Arrival Time,1
29,Missouri,290660,0,0,2,2,0,4,4,189,ST LOUIS (189),0,NOT APPLICABLE,7,July,25,25,2,Monday,2022,8,8:00am-8:59am,40,40,SR-231,PVT OAKVILLE,3,State Highway,2,Urban,3,Principal Arterial - Other,1,State Highway Agency,1,This section IS ON the NHS,0,No Special Jurisdiction,60,60,38.46061944,38.46061944,-90.30607778,-90.30607778,12,Motor Vehicle In-Transport,6,Angle,0,No,2,Intersection,2,Four-Way Intersection,1,On Roadway,0,None,1,Daylight,10,Cloudy,0,No,0000000,Not Applicable,8,8:00am-8:59am,48,48,8,8:00am-8:59am,57,57,9,9:00am-9:59am,26,26,2
29,Missouri,290661,0,0,2,2,0,3,3,189,ST LOUIS (189),0,NOT APPLICABLE,8,August,18,18,5,Thursday,2022,21,9:00pm-9:59pm,25,25,SR-AC,NA,3,State Highway,2,Urban,3,Principal Arterial - Other,1,State Highway Agency,1,This section IS ON the NHS,0,No Special Jurisdiction,370,370,38.73831944,38.73831944,-90.25011944,-90.25011944,12,Motor Vehicle In-Transport,6,Angle,0,No,1,Non-Junction,1,Not an Intersection,1,On Roadway,0,None,3,Dark - Lighted,1,Clear,0,No,0000000,Not Applicable,21,9:00pm-9:59pm,28,28,21,9:00pm-9:59pm,42,42,22,10:00pm-10:59pm,10,10,1
29,Missouri,290662,1,1,1,1,0,1,1,189,ST LOUIS (189),6000,OVERLAND,8,August,29,29,2,Monday,2022,23,11:00pm-11:59pm,10,10,SR-D,NA,3,State Highway,2,Urban,3,Principal Arterial - Other,1,State Highway Agency,1,This section IS ON the NHS,0,No Special Jurisdiction,40,40,38.68975,38.68975,-90.37858333,-90.37858333,8,Pedestrian,0,The First Harmful Event was Not a Collision with a Motor Vehicle in Transport,0,No,1,Non-Junction,1,Not an Intersection,1,On Roadway,0,None,3,Dark - Lighted,1,Clear,0,No,0000000,Not Applicable,23,11:00pm-11:59pm,51,51,23,11:00pm-11:59pm,57,57,88,Not Applicable (Not Transported),88,Not Applicable (Not Transported),1
29,Missouri,290663,0,0,2,2,0,7,7,189,ST LOUIS (189),553,BELLEFONTAINE NEIGHBOR,9,September,6,6,3,Tuesday,2022,18,6:00pm-6:59pm,0,0,CR-BELLEFONTAINE RD,NA,4,County Road,2,Urban,4,Minor Arterial,2,County Highway Agency,0,This section IS NOT on the NHS,0,No Special Jurisdiction,50,50,38.75788889,38.75788889,-90.22236111,-90.22236111,12,Motor Vehicle In-Transport,2,Front-to-Front,0,No,1,Non-Junction,1,Not an Intersection,1,On Roadway,0,None,1,Daylight,1,Clear,0,No,0000000,Not Applicable,17,5:00pm-5:59pm,35,35,17,5:00pm-5:59pm,48,48,18,6:00pm-6:59pm,25,25,1
29,Missouri,290664,0,0,1,1,0,2,2,13,BATES (13),0,NOT APPLICABLE,9,September,18,18,1,Sunday,2022,1,1:00am-1:59am,29,29,SR-52,NA,3,State Highway,1,Rural,4,Minor Arterial,1,State Highway Agency,0,This section IS NOT on the NHS,0,No Special Jurisdiction,103,103,38.26602778,38.26602778,-94.44569444,-94.44569444,35,Embankment,0,The First Harmful Event was Not a Collision with a Motor Vehicle in Transport,0,No,1,Non-Junction,1,Not an Intersection,4,On Roadside,0,None,2,Dark - Not Lighted,10,Cloudy,0,No,0000000,Not Applicable,1,1:00am-1:59am,28,28,1,1:00am-1:59am,44,44,3,3:00am-3:59am,0,0,1
29,Missouri,290665,0,0,2,2,0,3,3,23,BUTLER (23),6410,POPLAR BLUFF,9,September,18,18,1,Sunday,2022,12,12:00pm-12:59pm,23,23,GRAND AVE,DAVIS ST,6,Local Street - Municipality,2,Urban,98,Not Reported,4,City or Municipal Highway Agency,0,This section IS NOT on the NHS,0,No Special Jurisdiction,10,10,36.77128056,36.77128056,-90.38941944,-90.38941944,1,Rollover/Overturn,0,The First Harmful Event was Not a Collision with a Motor Vehicle in Transport,0,No,2,Intersection,3,T-Intersection,1,On Roadway,0,None,1,Daylight,1,Clear,0,No,0000000,Not Applicable,99,Unknown,98,Unknown if Notified,99,Unknown EMS Scene Arrival Hour,98,Unknown if Arrived,88,Not Applicable (Not Transported),88,Not Applicable (Not Transported),1
29,Missouri,290666,0,0,3,3,0,3,3,95,JACKSON (95),4120,KANSAS CITY,9,September,18,18,1,Sunday,2022,20,8:00pm-8:59pm,15,15,US-71,NA,2,US Highway,2,Urban,2,Principal Arterial - Other Freeways and Expressways,1,State Highway Agency,1,This section IS ON the NHS,0,No Special Jurisdiction,100,100,38.97948889,38.97948889,-94.54617222,-94.54617222,12,Motor Vehicle In-Transport,1,Front-to-Rear,0,No,1,Non-Junction,1,Not an Intersection,1,On Roadway,0,None,3,Dark - Lighted,1,Clear,0,No,0000000,Not Applicable,99,Unknown,98,Unknown if Notified,99,Unknown EMS Scene Arrival Hour,98,Unknown if Arrived,88,Not Applicable (Not Transported),88,Not Applicable (Not Transported),1
29,Missouri,290668,0,2,3,1,2,4,2,95,JACKSON (95),4120,KANSAS CITY,9,September,19,19,2,Monday,2022,21,9:00pm-9:59pm,40,40,ST JOHN AVE,NA,6,Local Street - Municipality,2,Urban,5,Major Collector,4,City or Municipal Highway Agency,0,This section IS NOT on the NHS,0,No Special Jurisdiction,20,20,39.11241667,39.11241667,-94.51598889,-94.51598889,14,Parked Motor Vehicle,0,The First Harmful Event was Not a Collision with a Motor Vehicle in Transport,0,No,1,Non-Junction,1,Not an Intersection,7,In Parking Lane/Zone,0,None,3,Dark - Lighted,1,Clear,0,No,0000000,Not Applicable,21,9:00pm-9:59pm,44,44,21,9:00pm-9:59pm,57,57,22,10:00pm-10:59pm,20,20,1
29,Missouri,290669,0,0,2,2,0,2,2,189,ST LOUIS (189),1575,CHESTERFIELD,9,September,20,20,3,Tuesday,2022,20,8:00pm-8:59pm,25,25,CR-CHESTERFIELD AIRPORT RD,RHL DR,4,County Road,2,Urban,4,Minor Arterial,2,County Highway Agency,0,This section IS NOT on the NHS,0,No Special Jurisdiction,30,30,38.66836389,38.66836389,-90.60309444,-90.60309444,12,Motor Vehicle In-Transport,6,Angle,0,No,2,Intersection,3,T-Intersection,1,On Roadway,0,None,3,Dark - Lighted,1,Clear,0,No,0000000,Not Applicable,20,8:00pm-8:59pm,29,29,20,8:00pm-8:59pm,35,35,88,Not Applicable (Not Transported),88,Not Applicable (Not Transported),1
29,Missouri,290670,1,1,1,1,0,1,1,165,PLATTE (165),6821,RIVERSIDE,8,August,20,20,7,Saturday,2022,16,4:00pm-4:59pm,52,52,N NORTHWOOD RD,NW MERRIMAC AVE,6,Local Street - Municipality,2,Urban,5,Major Collector,4,City or Municipal Highway Agency,0,This section IS NOT on the NHS,0,No Special Jurisdiction,10,10,39.18488889,39.18488889,-94.63180556,-94.63180556,9,Pedalcyclist,0,The First Harmful Event was Not a Collision with a Motor Vehicle in Transport,0,No,2,Intersection,3,T-Intersection,1,On Roadway,0,None,1,Daylight,1,Clear,0,No,0000000,Not Applicable,99,Unknown,99,Unknown,99,Unknown EMS Scene Arrival Hour,99,Unknown EMS Scene Arrival Minutes,99,Unknown,99,Unknown EMS Hospital Arrival Time,1
29,Missouri,290671,0,0,5,5,0,9,9,189,ST LOUIS (189),0,NOT APPLICABLE,8,August,21,21,1,Sunday,2022,16,4:00pm-4:59pm,53,53,SR-P,CR-LANGLEY AVE,3,State Highway,2,Urban,4,Minor Arterial,1,State Highway Agency,0,This section IS NOT on the NHS,0,No Special Jurisdiction,20,20,38.56036111,38.56036111,-90.32184722,-90.32184722,12,Motor Vehicle In-Transport,1,Front-to-Rear,0,No,3,Intersection-Related,98,Not Reported,1,On Roadway,0,None,1,Daylight,1,Clear,0,No,0000000,Not Applicable,16,4:00pm-4:59pm,54,54,16,4:00pm-4:59pm,59,59,17,5:00pm-5:59pm,25,25,1
29,Missouri,290672,0,0,1,1,0,1,1,37,CASS (37),0,NOT APPLICABLE,9,September,16,16,6,Friday,2022,21,9:00pm-9:59pm,3,3,I-49,NA,1,Interstate,1,Rural,1,Interstate,1,State Highway Agency,1,This section IS ON the NHS,0,No Special Jurisdiction,120,120,38.69563889,38.69563889,-94.43008333,-94.43008333,57,Cable Barrier,0,The First Harmful Event was Not a Collision with a Motor Vehicle in Transport,0,No,1,Non-Junction,1,Not an Intersection,3,On Median,4,"Work Zone, Type Unknown",1,Daylight,1,Clear,0,No,0000000,Not Applicable,21,9:00pm-9:59pm,6,6,21,9:00pm-9:59pm,20,20,88,Not Applicable (Not Transported),88,Not Applicable (Not Transported),1
29,Missouri,290673,0,0,2,2,0,2,2,145,NEWTON (145),5580,NEOSHO,9,September,20,20,3,Tuesday,2022,14,2:00pm-2:59pm,35,35,SR-BU 49,BAXTER ST,3,State Highway,2,Urban,4,Minor Arterial,1,State Highway Agency,0,This section IS NOT on the NHS,0,No Special Jurisdiction,180,180,36.87972222,36.87972222,-94.39819444,-94.39819444,12,Motor Vehicle In-Transport,1,Front-to-Rear,0,No,3,Intersection-Related,3,T-Intersection,1,On Roadway,0,None,1,Daylight,1,Clear,0,No,0000000,Not Applicable,14,2:00pm-2:59pm,40,40,14,2:00pm-2:59pm,45,45,88,Not Applicable (Not Transported),88,Not Applicable (Not Transported),1
29,Missouri,290674,1,1,1,1,0,3,3,510,ST. LOUIS (CITY) (510),7080,ST. LOUIS,9,September,20,20,3,Tuesday,2022,17,5:00pm-5:59pm,50,50,MANCHESTER AVE,NA,6,Local Street - Municipality,2,Urban,4,Minor Arterial,4,City or Municipal Highway Agency,0,This section IS NOT on the NHS,0,No Special Jurisdiction,10,10,38.62244722,38.62244722,-90.28799167,-90.28799167,8,Pedestrian,0,The First Harmful Event was Not a Collision with a Motor Vehicle in Transport,0,No,1,Non-Junction,1,Not an Intersection,1,On Roadway,0,None,1,Daylight,1,Clear,0,No,0000000,Not Applicable,17,5:00pm-5:59pm,54,54,18,6:00pm-6:59pm,8,8,18,6:00pm-6:59pm,32,32,1
29,Missouri,290675,0,0,1,1,0,1,1,37,CASS (37),600,BELTON,9,September,21,21,4,Wednesday,2022,11,11:00am-11:59am,24,24,I-49,NA,1,Interstate,2,Urban,1,Interstate,1,State Highway Agency,1,This section IS ON the NHS,0,No Special Jurisdiction,10,10,38.83480556,38.83480556,-94.527833330000007,-94.527833330000007,35,Embankment,0,The First Harmful Event was Not a Collision with a Motor Vehicle in Transport,0,No,1,Non-Junction,1,Not an Intersection,4,On Roadside,0,None,1,Daylight,1,Clear,0,No,0000000,Not Applicable,11,11:00am-11:59am,26,26,11,11:00am-11:59am,31,31,11,11:00am-11:59am,51,51,1
29,Missouri,290676,0,0,2,2,0,3,3,101,JOHNSON (101),0,NOT APPLICABLE,9,September,21,21,4,Wednesday,2022,7,7:00am-7:59am,48,48,SR-T,CR-SW 300,3,State Highway,1,Rural,5,Major Collector,1,State Highway Agency,0,This section IS NOT on the NHS,0,No Special Jurisdiction,30,30,38.72809167,38.72809167,-94.06862778,-94.06862778,12,Motor Vehicle In-Transport,6,Angle,0,No,2,Intersection,3,T-Intersection,1,On Roadway,0,None,1,Daylight,1,Clear,0,No,0000000,Not Applicable,7,7:00am-7:59am,55,55,8,8:00am-8:59am,6,6,9,9:00am-9:59am,3,3,1
29,Missouri,290677,0,0,2,2,0,2,2,121,MACON (121),0,NOT APPLICABLE,9,September,22,22,5,Thursday,2022,12,12:00pm-12:59pm,13,13,US-36,NA,2,US Highway,1,Rural,2,Principal Arterial - Other Freeways and Expressways,1,State Highway Agency,1,This section IS ON the NHS,0,No Special Jurisdiction,260,260,39.75091667,39.75091667,-92.38611111,-92.38611111,12,Motor Vehicle In-Transport,1,Front-to-Rear,0,No,1,Non-Junction,1,Not an Intersection,1,On Roadway,0,None,1,Daylight,10,Cloudy,0,No,0000000,Not Applicable,12,12:00pm-12:59pm,15,15,12,12:00pm-12:59pm,34,34,88,Not Applicable (Not Transported),88,Not Applicable (Not Transported),1
29,Missouri,290678,0,0,1,1,0,1,1,59,DALLAS (59),0,NOT APPLICABLE,9,September,23,23,6,Friday,2022,5,5:00am-5:59am,45,45,SR-32,NA,3,State Highway,1,Rural,4,Minor Arterial,1,State Highway Agency,0,This section IS NOT on the NHS,0,No Special Jurisdiction,90,90,37.63475,37.63475,-93.02658333,-93.02658333,24,Guardrail Face,0,The First Harmful Event was Not a Collision with a Motor Vehicle in Transport,0,No,1,Non-Junction,1,Not an Intersection,4,On Roadside,0,None,2,Dark - Not Lighted,10,Cloudy,0,No,0000000,Not Applicable,5,5:00am-5:59am,50,50,6,6:00am-6:59am,5,5,6,6:00am-6:59am,54,54,1
29,Missouri,290679,0,0,1,1,0,1,1,85,HICKORY (85),0,NOT APPLICABLE,9,September,23,23,6,Friday,2022,21,9:00pm-9:59pm,10,10,SR-83,NA,3,State Highway,1,Rural,5,Major Collector,1,State Highway Agency,0,This section IS NOT on the NHS,0,No Special Jurisdiction,210,210,37.83805556,37.83805556,-93.42544444,-93.42544444,38,Fence,0,The First Harmful Event was Not a Collision with a Motor Vehicle in Transport,0,No,1,Non-Junction,1,Not an Intersection,4,On Roadside,0,None,2,Dark - Not Lighted,1,Clear,0,No,0000000,Not Applicable,21,9:00pm-9:59pm,26,26,21,9:00pm-9:59pm,26,26,88,Not Applicable (Not Transported),88,Not Applicable (Not Transported),1
29,Missouri,290680,1,1,1,1,0,1,1,109,LAWRENCE (109),420,AURORA,9,September,24,24,7,Saturday,2022,23,11:00pm-11:59pm,23,23,SR-BU 60,NA,3,State Highway,2,Urban,4,Minor Arterial,1,State Highway Agency,0,This section IS NOT on the NHS,0,No Special Jurisdiction,30,30,36.96461667,36.96461667,-93.76266111,-93.76266111,8,Pedestrian,0,The First Harmful Event was Not a Collision with a Motor Vehicle in Transport,0,No,1,Non-Junction,1,Not an Intersection,1,On Roadway,0,None,2,Dark - Not Lighted,1,Clear,0,No,0000000,Not Applicable,99,Unknown,99,Unknown,99,Unknown EMS Scene Arrival Hour,99,Unknown EMS Scene Arrival Minutes,99,Unknown,99,Unknown EMS Hospital Arrival Time,1
29,Missouri,290681,0,0,2,2,0,2,2,23,BUTLER (23),0,NOT APPLICABLE,9,September,24,24,7,Saturday,2022,17,5:00pm-5:59pm,45,45,CR-465,NA,4,County Road,1,Rural,98,Not Reported,2,County Highway Agency,0,This section IS NOT on the NHS,0,No Special Jurisdiction,0,None,36.75925833,36.75925833,-90.43601111,-90.43601111,12,Motor Vehicle In-Transport,2,Front-to-Front,0,No,1,Non-Junction,1,Not an Intersection,1,On Roadway,0,None,1,Daylight,2,Rain,0,No,0000000,Not Applicable,17,5:00pm-5:59pm,53,53,17,5:00pm-5:59pm,59,59,88,Not Applicable (Not Transported),88,Not Applicable (Not Transported),1
29,Missouri,290682,0,0,2,2,0,2,2,165,PLATTE (165),6080,PARKVILLE,9,September,24,24,7,Saturday,2022,19,7:00pm-7:59pm,22,22,I-435,NA,1,Interstate,2,Urban,1,Interstate,1,State Highway Agency,1,This section IS ON the NHS,0,No Special Jurisdiction,180,180,39.21330556,39.21330556,-94.762,-94.762,12,Motor Vehicle In-Transport,1,Front-to-Rear,0,No,1,Non-Junction,1,Not an Intersection,1,On Roadway,0,None,1,Daylight,1,Clear,0,No,0000000,Not Applicable,18,6:00pm-6:59pm,23,23,18,6:00pm-6:59pm,32,32,99,Unknown,99,Unknown EMS Hospital Arrival Time,1
29,Missouri,290683,0,0,2,2,0,2,2,9,BARRY (9),1460,CASSVILLE,9,September,24,24,7,Saturday,2022,17,5:00pm-5:59pm,25,25,SR-76,NA,3,State Highway,1,Rural,4,Minor Arterial,1,State Highway Agency,0,This section IS NOT on the NHS,0,No Special Jurisdiction,150,150,36.67302778,36.67302778,-93.87413889,-93.87413889,12,Motor Vehicle In-Transport,2,Front-to-Front,0,No,1,Non-Junction,1,Not an Intersection,4,On Roadside,0,None,1,Daylight,1,Clear,0,No,0000000,Not Applicable,17,5:00pm-5:59pm,25,25,17,5:00pm-5:59pm,29,29,88,Not Applicable (Not Transported),88,Not Applicable (Not Transported),1
29,Missouri,290684,0,0,2,2,0,3,3,37,CASS (37),600,BELTON,9,September,25,25,1,Sunday,2022,13,1:00pm-1:59pm,53,53,SR-D,E 166TH ST,3,State Highway,2,Urban,4,Minor Arterial,1,State Highway Agency,0,This section IS NOT on the NHS,0,No Special Jurisdiction,10,10,38.834,38.834,-94.58438889,-94.58438889,12,Motor Vehicle In-Transport,6,Angle,0,No,2,Intersection,3,T-Intersection,1,On Roadway,0,None,1,Daylight,1,Clear,0,No,0000000,Not Applicable,14,2:00pm-2:59pm,2,2,14,2:00pm-2:59pm,8,8,14,2:00pm-2:59pm,28,28,1
29,Missouri,290685,0,0,1,1,0,2,2,510,ST. LOUIS (CITY) (510),7080,ST. LOUIS,9,September,24,24,7,Saturday,2022,1,1:00am-1:59am,8,8,I-55,NA,1,Interstate,2,Urban,1,Interstate,1,State Highway Agency,1,This section IS ON the NHS,0,No Special Jurisdiction,40,40,38.58130556,38.58130556,-90.22447222,-90.22447222,33,Curb,0,The First Harmful Event was Not a Collision with a Motor Vehicle in Transport,0,No,1,Non-Junction,1,Not an Intersection,4,On Roadside,4,"Work Zone, Type Unknown",3,Dark - Lighted,1,Clear,0,No,0000000,Not Applicable,0,0:00am-0:59am,51,51,0,0:00am-0:59am,57,57,1,1:00am-1:59am,40,40,1
29,Missouri,290686,0,0,1,1,0,1,1,151,OSAGE (151),0,NOT APPLICABLE,9,September,25,25,1,Sunday,2022,19,7:00pm-7:59pm,10,10,CR-722,NA,4,County Road,1,Rural,7,Local,2,County Highway Agency,0,This section IS NOT on the NHS,0,No Special Jurisdiction,10,10,38.33519444,38.33519444,-91.712,-91.712,34,Ditch,0,The First Harmful Event was Not a Collision with a Motor Vehicle in Transport,0,No,1,Non-Junction,1,Not an Intersection,4,On Roadside,0,None,2,Dark - Not Lighted,1,Clear,0,No,0000000,Not Applicable,99,Unknown,98,Unknown if Notified,99,Unknown EMS Scene Arrival Hour,98,Unknown if Arrived,88,Not Applicable (Not Transported),88,Not Applicable (Not Transported),1
29,Missouri,290687,0,0,1,1,0,1,1,95,JACKSON (95),4120,KANSAS CITY,9,September,25,25,1,Sunday,2022,1,1:00am-1:59am,22,22,I-70,NA,1,Interstate,2,Urban,1,Interstate,1,State Highway Agency,1,This section IS ON the NHS,0,No Special Jurisdiction,80,80,39.06106667,39.06106667,-94.49453056,-94.49453056,1,Rollover/Overturn,0,The First Harmful Event was Not a Collision with a Motor Vehicle in Transport,0,No,1,Non-Junction,1,Not an Intersection,1,On Roadway,0,None,3,Dark - Lighted,1,Clear,0,No,0000000,Not Applicable,99,Unknown,99,Unknown,99,Unknown EMS Scene Arrival Hour,99,Unknown EMS Scene Arrival Minutes,88,Not Applicable (Not Transported),88,Not Applicable (Not Transported),1
29,Missouri,290688,0,0,1,1,0,1,1,65,DENT (65),0,NOT APPLICABLE,9,September,25,25,1,Sunday,2022,1,1:00am-1:59am,15,15,SR-CC,NA,3,State Highway,1,Rural,6,Minor Collector,1,State Highway Agency,0,This section IS NOT on the NHS,0,No Special Jurisdiction,0,None,37.58572222,37.58572222,-91.73833333,-91.73833333,1,Rollover/Overturn,0,The First Harmful Event was Not a Collision with a Motor Vehicle in Transport,0,No,1,Non-Junction,1,Not an Intersection,4,On Roadside,0,None,2,Dark - Not Lighted,1,Clear,0,No,0000000,Not Applicable,2,2:00am-2:59am,2,2,2,2:00am-2:59am,21,21,88,Not Applicable (Not Transported),88,Not Applicable (Not Transported),1
29,Missouri,290689,0,0,2,2,0,2,2,47,CLAY (47),0,NOT APPLICABLE,9,September,25,25,1,Sunday,2022,19,7:00pm-7:59pm,40,40,CR-LITTON WAY,NA,4,County Road,1,Rural,6,Minor Collector,2,County Highway Agency,0,This section IS NOT on the NHS,0,No Special Jurisdiction,10,10,39.39216944,39.39216944,-94.55511667,-94.55511667,12,Motor Vehicle In-Transport,8,Sideswipe - Opposite Direction,0,No,1,Non-Junction,1,Not an Intersection,1,On Roadway,0,None,3,Dark - Lighted,1,Clear,0,No,0000000,Not Applicable,19,7:00pm-7:59pm,42,42,19,7:00pm-7:59pm,50,50,20,8:00pm-8:59pm,23,23,1
29,Missouri,290690,1,1,1,1,0,1,1,95,JACKSON (95),4120,KANSAS CITY,9,September,26,26,2,Monday,2022,11,11:00am-11:59am,22,22,BLUE RIDGE CUTOFF,FRONTAGE RD,6,Local Street - Municipality,2,Urban,4,Minor Arterial,4,City or Municipal Highway Agency,0,This section IS NOT on the NHS,0,No Special Jurisdiction,10,10,39.05019167,39.05019167,-94.47550833,-94.47550833,8,Pedestrian,0,The First Harmful Event was Not a Collision with a Motor Vehicle in Transport,0,No,3,Intersection-Related,3,T-Intersection,1,On Roadway,0,None,1,Daylight,1,Clear,0,No,0000000,Not Applicable,11,11:00am-11:59am,22,22,11,11:00am-11:59am,11,11,11,11:00am-11:59am,55,55,1
29,Missouri,290691,0,0,2,2,0,3,3,159,PETTIS (159),0,NOT APPLICABLE,9,September,26,26,2,Monday,2022,5,5:00am-5:59am,50,50,SR-O,NA,3,State Highway,1,Rural,5,Major Collector,1,State Highway Agency,0,This section IS NOT on the NHS,0,No Special Jurisdiction,40,40,38.81730556,38.81730556,-93.10786111,-93.10786111,12,Motor Vehicle In-Transport,2,Front-to-Front,0,No,1,Non-Junction,1,Not an Intersection,1,On Roadway,0,None,3,Dark - Lighted,1,Clear,0,No,0000000,Not Applicable,5,5:00am-5:59am,52,52,6,6:00am-6:59am,11,11,88,Not Applicable (Not Transported),88,Not Applicable (Not Transported),1
29,Missouri,290692,0,0,1,1,0,1,1,95,JACKSON (95),4490,LEES SUMMIT,9,September,28,28,4,Wednesday,2022,8,8:00am-8:59am,30,30,I-470,NA,1,Interstate,2,Urban,1,Interstate,1,State Highway Agency,1,This section IS ON the NHS,0,No Special Jurisdiction,110,110,38.93505556,38.93505556,-94.42744444,-94.42744444,59,Traffic Sign Support,0,The First Harmful Event was Not a Collision with a Motor Vehicle in Transport,0,No,1,Non-Junction,1,Not an Intersection,4,On Roadside,0,None,1,Daylight,1,Clear,0,No,0000000,Not Applicable,8,8:00am-8:59am,30,30,8,8:00am-8:59am,37,37,9,9:00am-9:59am,4,4,1
29,Missouri,290693,1,1,1,1,0,1,1,95,JACKSON (95),4120,KANSAS CITY,9,September,29,29,5,Thursday,2022,7,7:00am-7:59am,35,35,TRUMAN RD,GRAND BLVD,6,Local Street - Municipality,2,Urban,4,Minor Arterial,1,State Highway Agency,0,This section IS NOT on the NHS,0,No Special Jurisdiction,0,None,39.095675,39.095675,-94.58098611,-94.58098611,8,Pedestrian,0,The First Harmful Event was Not a Collision with a Motor Vehicle in Transport,0,No,3,Intersection-Related,2,Four-Way Intersection,1,On Roadway,0,None,1,Daylight,1,Clear,0,No,0000000,Not Applicable,7,7:00am-7:59am,35,35,7,7:00am-7:59am,39,39,7,7:00am-7:59am,48,48,1
29,Missouri,290694,0,0,1,1,0,1,1,89,HOWARD (89),0,NOT APPLICABLE,9,September,29,29,5,Thursday,2022,1,1:00am-1:59am,0,0,SR-O,NA,3,State Highway,1,Rural,6,Minor Collector,1,State Highway Agency,0,This section IS NOT on the NHS,0,No Special Jurisdiction,100,100,39.24244444,39.24244444,-92.50447222,-92.50447222,32,Culvert,0,The First Harmful Event was Not a Collision with a Motor Vehicle in Transport,0,No,1,Non-Junction,1,Not an Intersection,4,On Roadside,0,None,3,Dark - Lighted,1,Clear,0,No,0000000,Not Applicable,5,5:00am-5:59am,4,4,5,5:00am-5:59am,25,25,88,Not Applicable (Not Transported),88,Not Applicable (Not Transported),1
29,Missouri,290695,0,0,2,2,0,2,2,27,CALLAWAY (27),0,NOT APPLICABLE,9,September,29,29,5,Thursday,2022,12,12:00pm-12:59pm,30,30,CR-245,SR-E,4,County Road,1,Rural,7,Local,1,State Highway Agency,0,This section IS NOT on the NHS,0,No Special Jurisdiction,0,None,39.0245,39.0245,-91.967,-91.967,12,Motor Vehicle In-Transport,6,Angle,0,No,2,Intersection,2,Four-Way Intersection,1,On Roadway,0,None,1,Daylight,1,Clear,0,No,0000000,Not Applicable,12,12:00pm-12:59pm,32,32,12,12:00pm-12:59pm,47,47,88,Not Applicable (Not Transported),88,Not Applicable (Not Transported),1