STATE,STATENAME,ST_CASE,PEDS,PERNOTMVIT,VE_TOTAL,VE_FORMS,PVH_INVL,PERSONS,PERMVIT,COUNTY,COUNTYNAME,CITY,CITYNAME,MONTH,MONTHNAME,DAY,DAYNAME,DAY_WEEK,DAY_WEEKNAME,YEAR,HOUR,HOURNAME,MINUTE,MINUTENAME,TWAY_ID,TWAY_ID2,ROUTE,ROUTENAME,RUR_URB,RUR_URBNAME,FUNC_SYS,FUNC_SYSNAME,RD_OWNER,RD_OWNERNAME,NHS,NHSNAME,SP_JUR,SP_JURNAME,MILEPT,MILEPTNAME,LATITUDE,LATITUDENAME,LONGITUD,LONGITUDNAME,HARM_EV,HARM_EVNAME,MAN_COLL,MAN_COLLNAME,RELJCT1,RELJCT1NAME,RELJCT2,RELJCT2NAME,TYP_INT,TYP_INTNAME,REL_ROAD,REL_ROADNAME,WRK_ZONE,WRK_ZONENAME,LGT_COND,LGT_CONDNAME,WEATHER,WEATHERNAME,SCH_BUS,SCH_BUSNAME,RAIL,RAILNAME,NOT_HOUR,NOT_HOURNAME,NOT_MIN,NOT_MINNAME,ARR_HOUR,ARR_HOURNAME,ARR_MIN,ARR_MINNAME,HOSP_HR,HOSP_HRNAME,HOSP_MN,HOSP_MNNAME,FATALS
29,Missouri,290955,0,0,1,1,0,1,1,227,WORTH (227),0,NOT APPLICABLE,12,December,21,21,4,Wednesday,2022,4,4:00am-4:59am,50,50,SR-46,NA,3,State Highway,1,Rural,5,Major Collector,1,State Highway Agency,0,This section IS NOT on the NHS,0,No Special Jurisdiction,120,120,40.48602778,40.48602778,-94.45758333,-94.45758333,59,Traffic Sign Support,0,The First Harmful Event was Not a Collision with a Motor Vehicle in Transport,0,No,1,Non-Junction,1,Not an Intersection,4,On Roadside,0,None,2,Dark - Not Lighted,1,Clear,0,No,0000000,Not Applicable,4,4:00am-4:59am,50,50,5,5:00am-5:59am,15,15,88,Not Applicable (Not Transported),88,Not Applicable (Not Transported),1
29,Missouri,290956,1,1,1,1,0,1,1,189,ST LOUIS (189),0,NOT APPLICABLE,12,December,9,9,6,Friday,2022,18,6:00pm-6:59pm,10,10,CR-BUCKLEY RD,NA,4,County Road,2,Urban,5,Major Collector,2,County Highway Agency,0,This section IS NOT on the NHS,0,No Special Jurisdiction,0,None,38.51849722,38.51849722,-90.30661944,-90.30661944,8,Pedestrian,0,The First Harmful Event was Not a Collision with a Motor Vehicle in Transport,0,No,1,Non-Junction,1,Not an Intersection,1,On Roadway,0,None,3,Dark - Lighted,1,Clear,0,No,0000000,Not Applicable,18,6:00pm-6:59pm,14,14,18,6:00pm-6:59pm,22,22,18,6:00pm-6:59pm,41,41,1
29,Missouri,290957,0,0,2,2,0,3,3,95,JACKSON (95),3940,INDEPENDENCE,12,December,21,21,4,Wednesday,2022,18,6:00pm-6:59pm,18,18,US-24,NA,2,US Highway,2,Urban,3,Principal Arterial - Other,1,State Highway Agency,1,This section IS ON the NHS,0,No Special Jurisdiction,190,190,39.12189167,39.12189167,-94.36730278,-94.36730278,12,Motor Vehicle In-Transport,6,Angle,0,No,8,Driveway Access Related,1,Not an Intersection,1,On Roadway,0,None,3,Dark - Lighted,10,Cloudy,0,No,0000000,Not Applicable,99,Unknown,99,Unknown,99,Unknown EMS Scene Arrival Hour,99,Unknown EMS Scene Arrival Minutes,99,Unknown,99,Unknown EMS Hospital Arrival Time,1
29,Missouri,290958,0,0,2,2,0,5,5,155,PEMISCOT (155),0,NOT APPLICABLE,12,December,22,22,5,Thursday,2022,18,6:00pm-6:59pm,50,50,I-55,NA,1,Interstate,1,Rural,1,Interstate,1,State Highway Agency,1,This section IS ON the NHS,0,No Special Jurisdiction,110,110,36.25777778,36.25777778,-89.72613889,-89.72613889,57,Cable Barrier,0,The First Harmful Event was Not a Collision with a Motor Vehicle in Transport,0,No,1,Non-Junction,1,Not an Intersection,3,On Median,0,None,2,Dark - Not Lighted,4,Snow,0,No,0000000,Not Applicable,18,6:00pm-6:59pm,55,55,19,7:00pm-7:59pm,9,9,19,7:00pm-7:59pm,24,24,1
29,Missouri,290959,0,0,1,1,0,1,1,199,SCOTLAND (199),0,NOT APPLICABLE,12,December,22,22,5,Thursday,2022,23,11:00pm-11:59pm,52,52,SR-15,NA,3,State Highway,1,Rural,4,Minor Arterial,1,State Highway Agency,0,This section IS NOT on the NHS,0,No Special Jurisdiction,220,220,40.32047222,40.32047222,-92.21669444,-92.21669444,11,Live Animal,0,The First Harmful Event was Not a Collision with a Motor Vehicle in Transport,0,No,1,Non-Junction,1,Not an Intersection,1,On Roadway,0,None,2,Dark - Not Lighted,98,Not Reported,0,No,0000000,Not Applicable,23,11:00pm-11:59pm,51,51,0,0:00am-0:59am,6,6,88,Not Applicable (Not Transported),88,Not Applicable (Not Transported),1
29,Missouri,290960,0,0,1,1,0,1,1,95,JACKSON (95),4120,KANSAS CITY,12,December,22,22,5,Thursday,2022,14,2:00pm-2:59pm,18,18,DR MARTIN LUTHER KING JR BLVD,NA,6,Local Street - Municipality,2,Urban,3,Principal Arterial - Other,4,City or Municipal Highway Agency,1,This section IS ON the NHS,0,No Special Jurisdiction,10,10,39.03966667,39.03966667,-94.56899444,-94.56899444,1,Rollover/Overturn,0,The First Harmful Event was Not a Collision with a Motor Vehicle in Transport,0,No,1,Non-Junction,1,Not an Intersection,4,On Roadside,0,None,1,Daylight,4,Snow,0,No,0000000,Not Applicable,14,2:00pm-2:59pm,20,20,14,2:00pm-2:59pm,35,35,15,3:00pm-3:59pm,1,1,1
29,Missouri,290961,0,0,2,2,0,2,2,23,BUTLER (23),0,NOT APPLICABLE,12,December,22,22,5,Thursday,2022,10,10:00am-10:59am,3,3,US-67,NA,2,US Highway,1,Rural,3,Principal Arterial - Other,1,State Highway Agency,1,This section IS ON the NHS,0,No Special Jurisdiction,240,240,36.63447222,36.63447222,-90.52025,-90.52025,12,Motor Vehicle In-Transport,1,Front-to-Rear,0,No,1,Non-Junction,1,Not an Intersection,1,On Roadway,0,None,1,Daylight,5,"Fog, Smog, Smoke",0,No,0000000,Not Applicable,99,Unknown,99,Unknown,99,Unknown EMS Scene Arrival Hour,99,Unknown EMS Scene Arrival Minutes,99,Unknown,99,Unknown EMS Hospital Arrival Time,1
29,Missouri,290962,0,0,1,1,0,1,1,95,JACKSON (95),4120,KANSAS CITY,12,December,23,23,6,Friday,2022,3,3:00am-3:59am,34,34,I-435 RP,NA,1,Interstate,2,Urban,1,Interstate,1,State Highway Agency,1,This section IS ON the NHS,0,No Special Jurisdiction,10,10,38.93119722,38.93119722,-94.528575,-94.528575,25,Concrete Traffic Barrier,0,The First Harmful Event was Not a Collision with a Motor Vehicle in Transport,1,Yes,5,Entrance/Exit Ramp Related,1,Not an Intersection,4,On Roadside,0,None,3,Dark - Lighted,98,Not Reported,0,No,0000000,Not Applicable,3,3:00am-3:59am,35,35,3,3:00am-3:59am,48,48,4,4:00am-4:59am,10,10,1
29,Missouri,290963,0,0,1,1,0,3,3,203,SHANNON (203),0,NOT APPLICABLE,12,December,23,23,6,Friday,2022,10,10:00am-10:59am,55,55,US-60,NA,2,US Highway,1,Rural,2,Principal Arterial - Other Freeways and Expressways,1,State Highway Agency,1,This section IS ON the NHS,0,No Special Jurisdiction,250,250,36.97308333,36.97308333,-91.23366667,-91.23366667,1,Rollover/Overturn,0,The First Harmful Event was Not a Collision with a Motor Vehicle in Transport,0,No,1,Non-Junction,1,Not an Intersection,3,On Median,0,None,1,Daylight,1,Clear,0,No,0000000,Not Applicable,11,11:00am-11:59am,7,7,11,11:00am-11:59am,48,48,13,1:00pm-1:59pm,6,6,1
29,Missouri,290964,0,0,3,3,0,3,3,141,MORGAN (141),0,NOT APPLICABLE,12,December,24,24,7,Saturday,2022,16,4:00pm-4:59pm,39,39,US-50,NA,2,US Highway,1,Rural,3,Principal Arterial - Other,1,State Highway Agency,1,This section IS ON the NHS,0,No Special Jurisdiction,100,100,38.66988889,38.66988889,-92.89019444,-92.89019444,12,Motor Vehicle In-Transport,8,Sideswipe - Opposite Direction,0,No,1,Non-Junction,1,Not an Intersection,1,On Roadway,0,None,1,Daylight,1,Clear,0,No,0000000,Not Applicable,99,Unknown,99,Unknown,99,Unknown EMS Scene Arrival Hour,99,Unknown EMS Scene Arrival Minutes,99,Unknown,99,Unknown EMS Hospital Arrival Time,1
29,Missouri,290965,0,0,1,1,0,6,6,145,NEWTON (145),0,NOT APPLICABLE,12,December,25,25,1,Sunday,2022,15,3:00pm-3:59pm,25,25,CR-APRICOT DR,NA,4,County Road,1,Rural,7,Local,2,County Highway Agency,0,This section IS NOT on the NHS,0,No Special Jurisdiction,30,30,37.03261111,37.03261111,-94.56272222,-94.56272222,32,Culvert,0,The First Harmful Event was Not a Collision with a Motor Vehicle in Transport,0,No,1,Non-Junction,1,Not an Intersection,4,On Roadside,0,None,1,Daylight,10,Cloudy,0,No,0000000,Not Applicable,15,3:00pm-3:59pm,25,25,15,3:00pm-3:59pm,31,31,15,3:00pm-3:59pm,58,58,1
29,Missouri,290966,0,0,2,2,0,6,6,510,ST. LOUIS (CITY) (510),7080,ST. LOUIS,11,November,1,1,3,Tuesday,2022,16,4:00pm-4:59pm,22,22,I-70,NA,1,Interstate,2,Urban,1,Interstate,1,State Highway Agency,1,This section IS ON the NHS,0,No Special Jurisdiction,30,30,38.68014167,38.68014167,-90.21175833,-90.21175833,12,Motor Vehicle In-Transport,7,Sideswipe - Same Direction,1,Yes,18,Through Roadway,1,Not an Intersection,1,On Roadway,0,None,1,Daylight,1,Clear,0,No,0000000,Not Applicable,16,4:00pm-4:59pm,26,26,16,4:00pm-4:59pm,40,40,17,5:00pm-5:59pm,9,9,1
29,Missouri,290967,0,0,2,2,0,3,3,105,LACLEDE (105),4480,LEBANON,11,November,9,9,4,Wednesday,2022,13,1:00pm-1:59pm,30,30,SR-64,NA,3,State Highway,2,Urban,4,Minor Arterial,4,City or Municipal Highway Agency,0,This section IS NOT on the NHS,0,No Special Jurisdiction,120,120,37.68852778,37.68852778,-92.67522222,-92.67522222,12,Motor Vehicle In-Transport,2,Front-to-Front,0,No,1,Non-Junction,1,Not an Intersection,1,On Roadway,0,None,1,Daylight,1,Clear,0,No,0000000,Not Applicable,99,Unknown,99,Unknown,99,Unknown EMS Scene Arrival Hour,99,Unknown EMS Scene Arrival Minutes,99,Unknown,99,Unknown EMS Hospital Arrival Time,1
29,Missouri,290968,0,0,2,2,0,2,2,19,BOONE (19),1800,COLUMBIA,12,December,1,1,5,Thursday,2022,13,1:00pm-1:59pm,56,56,SR-WW,NA,3,State Highway,2,Urban,4,Minor Arterial,1,State Highway Agency,0,This section IS NOT on the NHS,0,No Special Jurisdiction,0,None,38.94584167,38.94584167,-92.28915278,-92.28915278,12,Motor Vehicle In-Transport,2,Front-to-Front,0,No,1,Non-Junction,1,Not an Intersection,1,On Roadway,0,None,1,Daylight,10,Cloudy,0,No,0000000,Not Applicable,14,2:00pm-2:59pm,0,0,14,2:00pm-2:59pm,4,4,14,2:00pm-2:59pm,25,25,1
29,Missouri,290969,0,0,1,1,0,2,2,151,OSAGE (151),0,NOT APPLICABLE,12,December,19,19,2,Monday,2022,17,5:00pm-5:59pm,35,35,US-63,NA,2,US Highway,1,Rural,3,Principal Arterial - Other,1,State Highway Agency,1,This section IS ON the NHS,0,No Special Jurisdiction,30,30,38.45313889,38.45313889,-92.01055556,-92.01055556,32,Culvert,0,The First Harmful Event was Not a Collision with a Motor Vehicle in Transport,0,No,1,Non-Junction,1,Not an Intersection,4,On Roadside,0,None,2,Dark - Not Lighted,1,Clear,0,No,0000000,Not Applicable,17,5:00pm-5:59pm,46,46,17,5:00pm-5:59pm,59,59,18,6:00pm-6:59pm,53,53,1
29,Missouri,290970,0,0,2,1,1,1,1,95,JACKSON (95),3940,INDEPENDENCE,12,December,25,25,1,Sunday,2022,19,7:00pm-7:59pm,58,58,SR-12,NA,3,State Highway,2,Urban,4,Minor Arterial,1,State Highway Agency,0,This section IS NOT on the NHS,0,No Special Jurisdiction,30,30,39.09430556,39.09430556,-94.43070278,-94.43070278,33,Curb,0,The First Harmful Event was Not a Collision with a Motor Vehicle in Transport,0,No,1,Non-Junction,1,Not an Intersection,4,On Roadside,0,None,3,Dark - Lighted,10,Cloudy,0,No,0000000,Not Applicable,99,Unknown,99,Unknown,99,Unknown EMS Scene Arrival Hour,99,Unknown EMS Scene Arrival Minutes,88,Not Applicable (Not Transported),88,Not Applicable (Not Transported),1
29,Missouri,290971,0,0,2,2,0,3,3,29,CAMDEN (29),0,NOT APPLICABLE,12,December,26,26,2,Monday,2022,16,4:00pm-4:59pm,20,20,US-54,NA,2,US Highway,1,Rural,3,Principal Arterial - Other,1,State Highway Agency,1,This section IS ON the NHS,0,No Special Jurisdiction,110,110,37.97055556,37.97055556,-92.90416667,-92.90416667,12,Motor Vehicle In-Transport,6,Angle,0,No,1,Non-Junction,1,Not an Intersection,1,On Roadway,0,None,1,Daylight,4,Snow,0,No,0000000,Not Applicable,16,4:00pm-4:59pm,27,27,16,4:00pm-4:59pm,32,32,17,5:00pm-5:59pm,2,2,1
29,Missouri,290972,0,0,1,1,0,1,1,165,PLATTE (165),4120,KANSAS CITY,12,December,27,27,3,Tuesday,2022,23,11:00pm-11:59pm,48,48,NW 72ND ST,OVERLAND DR,6,Local Street - Municipality,2,Urban,5,Major Collector,4,City or Municipal Highway Agency,0,This section IS NOT on the NHS,0,No Special Jurisdiction,10,10,39.22494444,39.22494444,-94.64055556,-94.64055556,33,Curb,0,The First Harmful Event was Not a Collision with a Motor Vehicle in Transport,0,No,3,Intersection-Related,6,Roundabout,12,Pedestrian Refuge Island or Traffic Island,0,None,3,Dark - Lighted,1,Clear,0,No,0000000,Not Applicable,23,11:00pm-11:59pm,49,49,23,11:00pm-11:59pm,56,56,0,0:00am-0:59am,29,29,1
29,Missouri,290973,0,0,1,1,0,1,1,161,PHELPS (161),0,NOT APPLICABLE,12,December,27,27,3,Tuesday,2022,14,2:00pm-2:59pm,10,10,CR-3640,NA,4,County Road,1,Rural,98,Not Reported,2,County Highway Agency,0,This section IS NOT on the NHS,0,No Special Jurisdiction,0,None,38.02525,38.02525,-91.53366667,-91.53366667,10,Railway Vehicle,0,The First Harmful Event was Not a Collision with a Motor Vehicle in Transport,0,No,6,Railway Grade Crossing,1,Not an Intersection,1,On Roadway,0,None,1,Daylight,1,Clear,0,No,664570W,664570W,99,Unknown,99,Unknown,99,Unknown EMS Scene Arrival Hour,99,Unknown EMS Scene Arrival Minutes,88,Not Applicable (Not Transported),88,Not Applicable (Not Transported),1
29,Missouri,290974,1,1,1,1,0,2,2,131,MILLER (131),0,NOT APPLICABLE,12,December,28,28,4,Wednesday,2022,18,6:00pm-6:59pm,49,49,US-54 BU,NA,2,US Highway,1,Rural,4,Minor Arterial,1,State Highway Agency,0,This section IS NOT on the NHS,0,No Special Jurisdiction,50,50,38.36411111,38.36411111,-92.5505,-92.5505,8,Pedestrian,0,The First Harmful Event was Not a Collision with a Motor Vehicle in Transport,0,No,1,Non-Junction,1,Not an Intersection,1,On Roadway,0,None,2,Dark - Not Lighted,1,Clear,0,No,0000000,Not Applicable,18,6:00pm-6:59pm,51,51,18,6:00pm-6:59pm,59,59,19,7:00pm-7:59pm,44,44,1
29,Missouri,290975,0,0,2,2,0,2,2,165,PLATTE (165),0,NOT APPLICABLE,12,December,28,28,4,Wednesday,2022,7,7:00am-7:59am,0,0,I-29,NA,1,Interstate,1,Rural,1,Interstate,1,State Highway Agency,1,This section IS ON the NHS,0,No Special Jurisdiction,180,180,39.38805556,39.38805556,-94.7894,-94.7894,12,Motor Vehicle In-Transport,1,Front-to-Rear,0,No,1,Non-Junction,1,Not an Intersection,1,On Roadway,0,None,2,Dark - Not Lighted,1,Clear,0,No,0000000,Not Applicable,7,7:00am-7:59am,8,8,7,7:00am-7:59am,15,15,88,Not Applicable (Not Transported),88,Not Applicable (Not Transported),1
29,Missouri,290976,0,0,2,2,0,2,2,121,MACON (121),4840,MACON,12,December,28,28,4,Wednesday,2022,7,7:00am-7:59am,5,5,US-63,ROE LN,2,US Highway,2,Urban,3,Principal Arterial - Other,1,State Highway Agency,1,This section IS ON the NHS,0,No Special Jurisdiction,210,210,39.74847222,39.74847222,-92.468,-92.468,12,Motor Vehicle In-Transport,2,Front-to-Front,0,No,2,Intersection,3,T-Intersection,1,On Roadway,0,None,1,Daylight,1,Clear,0,No,0000000,Not Applicable,7,7:00am-7:59am,10,10,7,7:00am-7:59am,12,12,7,7:00am-7:59am,59,59,1
29,Missouri,290977,0,0,1,1,0,1,1,125,MARIES (125),0,NOT APPLICABLE,12,December,29,29,5,Thursday,2022,13,1:00pm-1:59pm,4,4,SR-28,NA,3,State Highway,1,Rural,4,Minor Arterial,1,State Highway Agency,0,This section IS NOT on the NHS,0,No Special Jurisdiction,260,260,38.14958333,38.14958333,-91.76144444,-91.76144444,35,Embankment,0,The First Harmful Event was Not a Collision with a Motor Vehicle in Transport,0,No,1,Non-Junction,1,Not an Intersection,4,On Roadside,0,None,1,Daylight,10,Cloudy,0,No,0000000,Not Applicable,99,Unknown,99,Unknown,99,Unknown EMS Scene Arrival Hour,99,Unknown EMS Scene Arrival Minutes,88,Not Applicable (Not Transported),88,Not Applicable (Not Transported),1
29,Missouri,290978,0,0,2,2,0,2,2,510,ST. LOUIS (CITY) (510),7080,ST. LOUIS,12,December,29,29,5,Thursday,2022,2,2:00am-2:59am,29,29,NATURAL BRIDGE AVE,RED BUD AVE,6,Local Street - Municipality,2,Urban,3,Principal Arterial - Other,1,State Highway Agency,1,This section IS ON the NHS,0,No Special Jurisdiction,20,20,38.66788889,38.66788889,-90.23198056,-90.23198056,12,Motor Vehicle In-Transport,1,Front-to-Rear,0,No,3,Intersection-Related,3,T-Intersection,1,On Roadway,0,None,3,Dark - Lighted,1,Clear,0,No,0000000,Not Applicable,99,Unknown,99,Unknown,99,Unknown EMS Scene Arrival Hour,99,Unknown EMS Scene Arrival Minutes,99,Unknown,99,Unknown EMS Hospital Arrival Time,1
29,Missouri,290979,1,1,1,1,0,1,1,227,WORTH (227),0,NOT APPLICABLE,12,December,29,29,5,Thursday,2022,14,2:00pm-2:59pm,46,46,SR-246,NA,3,State Highway,1,Rural,5,Major Collector,1,State Highway Agency,0,This section IS NOT on the NHS,0,No Special Jurisdiction,30,30,40.51569444,40.51569444,-94.58355556,-94.58355556,8,Pedestrian,0,The First Harmful Event was Not a Collision with a Motor Vehicle in Transport,0,No,1,Non-Junction,1,Not an Intersection,1,On Roadway,0,None,1,Daylight,1,Clear,0,No,0000000,Not Applicable,99,Unknown,99,Unknown,99,Unknown EMS Scene Arrival Hour,99,Unknown EMS Scene Arrival Minutes,88,Not Applicable (Not Transported),88,Not Applicable (Not Transported),1
29,Missouri,290980,0,0,2,2,0,3,3,183,ST. CHARLES (183),7100,ST. PETERS,12,December,30,30,6,Friday,2022,17,5:00pm-5:59pm,11,11,I-70,NA,1,Interstate,2,Urban,1,Interstate,1,State Highway Agency,1,This section IS ON the NHS,0,No Special Jurisdiction,200,200,38.7985,38.7985,-90.60569444,-90.60569444,12,Motor Vehicle In-Transport,7,Sideswipe - Same Direction,0,No,1,Non-Junction,1,Not an Intersection,1,On Roadway,0,None,3,Dark - Lighted,10,Cloudy,0,No,0000000,Not Applicable,17,5:00pm-5:59pm,14,14,17,5:00pm-5:59pm,20,20,88,Not Applicable (Not Transported),88,Not Applicable (Not Transported),1
29,Missouri,290981,0,0,1,1,0,1,1,207,STODDARD (207),20,ADVANCE,12,December,31,31,7,Saturday,2022,0,0:00am-0:59am,1,1,SR-25,NA,3,State Highway,1,Rural,4,Minor Arterial,1,State Highway Agency,0,This section IS NOT on the NHS,0,No Special Jurisdiction,30,30,37.10621111,37.10621111,-89.90445833,-89.90445833,34,Ditch,0,The First Harmful Event was Not a Collision with a Motor Vehicle in Transport,0,No,1,Non-Junction,1,Not an Intersection,4,On Roadside,0,None,3,Dark - Lighted,10,Cloudy,0,No,0000000,Not Applicable,99,Unknown,99,Unknown,99,Unknown EMS Scene Arrival Hour,99,Unknown EMS Scene Arrival Minutes,88,Not Applicable (Not Transported),88,Not Applicable (Not Transported),1
29,Missouri,290982,0,0,1,1,0,1,1,59,DALLAS (59),0,NOT APPLICABLE,12,December,31,31,7,Saturday,2022,1,1:00am-1:59am,10,10,US-65,NA,2,US Highway,1,Rural,3,Principal Arterial - Other,1,State Highway Agency,1,This section IS ON the NHS,0,No Special Jurisdiction,0,None,37.89422222,37.89422222,-93.1795,-93.1795,38,Fence,0,The First Harmful Event was Not a Collision with a Motor Vehicle in Transport,0,No,1,Non-Junction,1,Not an Intersection,5,Outside Trafficway,0,None,3,Dark - Lighted,10,Cloudy,0,No,0000000,Not Applicable,99,Unknown,99,Unknown,99,Unknown EMS Scene Arrival Hour,99,Unknown EMS Scene Arrival Minutes,99,Unknown,99,Unknown EMS Hospital Arrival Time,1
29,Missouri,290983,0,0,1,1,0,3,3,189,ST LOUIS (189),0,NOT APPLICABLE,5,May,3,3,3,Tuesday,2022,13,1:00pm-1:59pm,7,7,I-70,NA,1,Interstate,2,Urban,1,Interstate,1,State Highway Agency,1,This section IS ON the NHS,0,No Special Jurisdiction,0,None,38.76283333,38.76283333,-90.47916667,-90.47916667,24,Guardrail Face,0,The First Harmful Event was Not a Collision with a Motor Vehicle in Transport,0,No,1,Non-Junction,1,Not an Intersection,4,On Roadside,0,None,1,Daylight,1,Clear,0,No,0000000,Not Applicable,13,1:00pm-1:59pm,12,12,13,1:00pm-1:59pm,17,17,13,1:00pm-1:59pm,28,28,1
29,Missouri,290984,0,0,2,2,0,2,2,113,LINCOLN (113),0,NOT APPLICABLE,11,November,23,23,4,Wednesday,2022,12,12:00pm-12:59pm,10,10,US-61,SR-B,2,US Highway,1,Rural,3,Principal Arterial - Other,1,State Highway Agency,1,This section IS ON the NHS,0,No Special Jurisdiction,180,180,39.12808333,39.12808333,-90.96386111,-90.96386111,12,Motor Vehicle In-Transport,6,Angle,0,No,2,Intersection,2,Four-Way Intersection,1,On Roadway,0,None,1,Daylight,1,Clear,0,No,0000000,Not Applicable,12,12:00pm-12:59pm,14,14,12,12:00pm-12:59pm,16,16,12,12:00pm-12:59pm,50,50,1
29,Missouri,290985,0,0,1,1,0,1,1,95,JACKSON (95),4120,KANSAS CITY,12,December,1,1,5,Thursday,2022,12,12:00pm-12:59pm,41,41,HARDESTY AVE,NA,6,Local Street - Municipality,2,Urban,4,Minor Arterial,4,City or Municipal Highway Agency,0,This section IS NOT on the NHS,0,No Special Jurisdiction,20,20,39.08854167,39.08854167,-94.51961944,-94.51961944,40,Fire Hydrant,0,The First Harmful Event was Not a Collision with a Motor Vehicle in Transport,0,No,1,Non-Junction,1,Not an Intersection,4,On Roadside,0,None,1,Daylight,1,Clear,0,No,0000000,Not Applicable,12,12:00pm-12:59pm,41,41,12,12:00pm-12:59pm,55,55,13,1:00pm-1:59pm,5,5,1
29,Missouri,290986,1,1,1,1,0,2,2,19,BOONE (19),1800,COLUMBIA,12,December,7,7,4,Wednesday,2022,19,7:00pm-7:59pm,16,16,SR-PP,NA,3,State Highway,2,Urban,4,Minor Arterial,1,State Highway Agency,0,This section IS NOT on the NHS,0,No Special Jurisdiction,60,60,38.96373889,38.96373889,-92.289575,-92.289575,8,Pedestrian,0,The First Harmful Event was Not a Collision with a Motor Vehicle in Transport,0,No,1,Non-Junction,1,Not an Intersection,1,On Roadway,0,None,3,Dark - Lighted,1,Clear,0,No,0000000,Not Applicable,99,Unknown,98,Unknown if Notified,99,Unknown EMS Scene Arrival Hour,98,Unknown if Arrived,88,Not Applicable (Not Transported),88,Not Applicable (Not Transported),1
29,Missouri,290987,0,0,1,1,0,1,1,99,JEFFERSON (99),0,NOT APPLICABLE,12,December,22,22,5,Thursday,2022,21,9:00pm-9:59pm,34,34,CR-ROMAINE CREEK RD,NA,4,County Road,2,Urban,5,Major Collector,2,County Highway Agency,0,This section IS NOT on the NHS,0,No Special Jurisdiction,30,30,38.46589167,38.46589167,-90.44791944,-90.44791944,42,Tree (Standing Only),0,The First Harmful Event was Not a Collision with a Motor Vehicle in Transport,0,No,1,Non-Junction,1,Not an Intersection,4,On Roadside,0,None,2,Dark - Not Lighted,2,Rain,0,No,0000000,Not Applicable,99,Unknown,99,Unknown,99,Unknown EMS Scene Arrival Hour,99,Unknown EMS Scene Arrival Minutes,99,Unknown,99,Unknown EMS Hospital Arrival Time,1
29,Missouri,290988,0,0,1,1,0,1,1,155,PEMISCOT (155),7500,STEELE,8,August,26,26,6,Friday,2022,19,7:00pm-7:59pm,30,30,S COOTER RD,NA,6,Local Street - Municipality,1,Rural,98,Not Reported,4,City or Municipal Highway Agency,0,This section IS NOT on the NHS,0,No Special Jurisdiction,0,None,36.08219722,36.08219722,-89.81564167,-89.81564167,42,Tree (Standing Only),0,The First Harmful Event was Not a Collision with a Motor Vehicle in Transport,0,No,1,Non-Junction,1,Not an Intersection,4,On Roadside,0,None,1,Daylight,1,Clear,0,No,0000000,Not Applicable,99,Unknown,98,Unknown if Notified,99,Unknown EMS Scene Arrival Hour,98,Unknown if Arrived,88,Not Applicable (Not Transported),88,Not Applicable (Not Transported),1
29,Missouri,290989,0,0,2,2,0,4,4,83,HENRY (83),0,NOT APPLICABLE,7,July,12,12,3,Tuesday,2022,13,1:00pm-1:59pm,30,30,SR-13,NA,3,State Highway,1,Rural,3,Principal Arterial - Other,1,State Highway Agency,1,This section IS ON the NHS,0,No Special Jurisdiction,120,120,38.39766667,38.39766667,-93.76355556,-93.76355556,12,Motor Vehicle In-Transport,6,Angle,0,No,8,Driveway Access Related,1,Not an Intersection,1,On Roadway,0,None,1,Daylight,1,Clear,0,No,0000000,Not Applicable,99,Unknown,99,Unknown,99,Unknown EMS Scene Arrival Hour,99,Unknown EMS Scene Arrival Minutes,99,Unknown,99,Unknown EMS Hospital Arrival Time,1
29,Missouri,290990,0,0,1,1,0,2,2,83,HENRY (83),0,NOT APPLICABLE,8,August,3,3,4,Wednesday,2022,2,2:00am-2:59am,0,0,SR-7,NA,3,State Highway,1,Rural,2,Principal Arterial - Other Freeways and Expressways,1,State Highway Agency,1,This section IS ON the NHS,0,No Special Jurisdiction,220,220,38.39815278,38.39815278,-93.83301944,-93.83301944,59,Traffic Sign Support,0,The First Harmful Event was Not a Collision with a Motor Vehicle in Transport,0,No,1,Non-Junction,1,Not an Intersection,3,On Median,0,None,2,Dark - Not Lighted,1,Clear,0,No,0000000,Not Applicable,3,3:00am-3:59am,11,11,3,3:00am-3:59am,46,46,4,4:00am-4:59am,23,23,1
29,Missouri,290991,0,0,1,1,0,1,1,213,TANEY (213),0,NOT APPLICABLE,9,September,1,1,5,Thursday,2022,16,4:00pm-4:59pm,49,49,SR-H,NA,3,State Highway,1,Rural,5,Major Collector,1,State Highway Agency,0,This section IS NOT on the NHS,0,No Special Jurisdiction,60,60,36.74680556,36.74680556,-93.13525,-93.13525,35,Embankment,0,The First Harmful Event was Not a Collision with a Motor Vehicle in Transport,0,No,1,Non-Junction,1,Not an Intersection,4,On Roadside,0,None,1,Daylight,1,Clear,0,No,0000000,Not Applicable,16,4:00pm-4:59pm,48,48,16,4:00pm-4:59pm,53,53,17,5:00pm-5:59pm,48,48,1